time_s,he_true,he_pred,hc_true,hc_pred
0.0,1.9768982266903556,1.6322046766439975,0.7419014072709333,0.6154425131619508
60.0,1.853958918212708,1.484675979824372,0.6942722205837965,0.560455211863901
120.0,1.8496871347858876,1.480340661687844,0.6927608948189324,0.5588350896248476
180.0,1.8544425180033248,1.4860016109620897,0.6947432362838727,0.5609693649723334
240.0,1.8596062660146329,1.4921650753007665,0.6968866685318928,0.5632918665747726
300.0,1.864636667884085,1.4982402843055471,0.6989815679781887,0.5655776629384337
360.0,1.869503486420857,1.50418130918022,0.7010161073691781,0.5678125419739117
420.0,1.8742085218861269,1.509989951054047,0.7029908598663118,0.5699960560563437
480.0,1.8787554568057372,1.5156662099270282,0.7049071311146039,0.5721285409043768
540.0,1.883147947790236,1.521210085799165,0.7067662202846389,0.574208541737206
600.0,1.887389510853205,1.5266242803643504,0.7085693754694039,0.5762394157413048
660.0,1.891483521349258,1.5319024896701645,0.7103177934925603,0.5782187009799258
720.0,1.895433220836493,1.537054619927554,0.7120126224138413,0.5801484117649534
780.0,1.8992417239275428,1.5420779694426248,0.713654964039977,0.5820291635805741
840.0,1.902912024713044,1.5469716376507456,0.7152458762785928,0.5838607885674645
900.0,1.906447002758272,1.5517410279397037,0.7167863753368823,0.5856441819753507
960.0,1.9098494287087,1.5563816374863446,0.7182774377766318,0.5873783366482909
1020.0,1.9131219695356487,1.5608943668552975,0.7197200024368166,0.5890640359297952
1080.0,1.9162671934474629,1.565283718869722,0.7211149722338818,0.5907021191164823
1140.0,1.919287574494128,1.5695487929649836,0.7224632158489982,0.5922936493174021
1200.0,1.922185496884073,1.573685986882559,0.7237655693106821,0.5938365562675626
1260.0,1.9249632590385304,1.5777007040102369,0.725022837480593,0.5953335257161425
1320.0,1.9276230774012115,1.581594745477279,0.7262357954494822,0.5967843898038183
1380.0,1.930167090018236,1.5853645090251618,0.7274051898496963,0.5981883651870794
1440.0,1.9325973599101456,1.5890190003001994,0.7285317400902238,0.5995482495213206
1500.0,1.93491587824457,1.592545611397549,0.7296161395196503,0.600861245151147
1560.0,1.937124567327039,1.5959551490927897,0.7306590565219012,0.6021285830449326
1620.0,1.9392252834222288,1.599249414515187,0.7316611355495302,0.6033530049049638
1680.0,1.9412198194102812,1.6024212031476868,0.7326229980984286,0.6045318809351697
1740.0,1.9431099073054965,1.6054705149902873,0.733545243628305,0.6056657147135216
1800.0,1.9448972206238555,1.6084090573832022,0.7344284504318626,0.6067570241298744
1860.0,1.9465833766282343,1.6112287252447448,0.7352731764565157,0.6078037389192362
1920.0,1.9481699384504017,1.6139313197041787,0.7360799600814145,0.6088068102844411
1980.0,1.949658417097421,1.6165204430200326,0.7368493208525008,0.6097676370531865
2040.0,1.9510502733509956,1.6189915923691451,0.7375817601784134,0.6106847084915593
2100.0,1.952346919567411,1.6213510717039412,0.7382777619894622,0.6115603746300909
2160.0,1.953549721385302,1.6235961793305211,0.7389377933620153,0.6123927330631131
2220.0,1.95465999933732,1.625732318636679,0.739562305110119,0.6131848052584521
2280.0,1.9556790303861225,1.6277558873638878,0.7401517323466679,0.6139345769042236
2340.0,1.9566080493776323,1.6296632832536186,0.7407064950155081,0.6146418241879962
2400.0,1.957448250419052,1.6314653130814527,0.7412269983962698,0.6153097923900276
2460.0,1.9582007881909824,1.633153871765705,0.7417136335835877,0.6159353481362757
2520.0,1.958866779187176,1.6347334621295317,0.742166777941838,0.6165214009883512
2580.0,1.9594473028977435,1.6362031836083055,0.7425867955370623,0.6170667199778802
2640.0,1.9599434029296732,1.637570240719075,0.7429740375470348,0.6175728717918839
2700.0,1.9603560880714312,1.6388256278155282,0.7433288426507448,0.6180391849930675
2760.0,1.960686333305116,1.6399729471561884,0.7436515373983902,0.6184648202848125
2820.0,1.9609350807687729,1.6410158009995808,0.7439424365628199,0.6188518479321112
2880.0,1.9611032406689357,1.6419514876518146,0.7442018434733715,0.6191996524507766
2940.0,1.9611916921492911,1.6427791065482573,0.7444300503330143,0.6195078421690534
3000.0,1.961201284115006,1.6435085638998537,0.7446273385195594,0.6197794945078758
3060.0,1.9611328360173872,1.6441353568834476,0.7447939788717522,0.6200127630146834
3120.0,1.9609871385954405,1.6446522809819868,0.7449302319608354,0.6202065845804262
3180.0,1.960764954587303,1.645068341841787,0.7450363483485264,0.6203624139859093
3240.0,1.9604670193958549,1.6453871417213737,0.7451125688315365,0.6204826572147721
3300.0,1.960094041729084,1.6456014761036943,0.7451591246738126,0.6205650761426992
3360.0,1.9596467042022183,1.6457095438594855,0.7451762378265128,0.6206091671917192
3420.0,1.9591256639118797,1.6457275551521189,0.7451641211365713,0.6206178958765505
3480.0,1.958531552977357,1.6456374986889575,0.7451229785441298,0.620588744307338
3540.0,1.9578649790548004,1.6454537835041112,0.7450530052693347,0.6205251256236632
3600.0,1.957126525822264,1.6451728073390512,0.7449543879889347,0.6204239064514842
3660.0,1.9563167534407664,1.6447873656767271,0.7448273050030557,0.6202860379936348
3720.0,1.9554361989853304,1.6443091658573472,0.7446719263923979,0.6201139262337547
3780.0,1.9544853768556825,1.6437337050577536,0.7444884141663829,0.6199065640159017
3840.0,1.953464779159368,1.6430636849718425,0.7442769224023682,0.6196636156214286
3900.0,1.9523748760734696,1.6422964039057177,0.7440375973763156,0.6193856405814142
3960.0,1.9512161161846613,1.6414336629886446,0.743770577685161,0.6190723591303191
4020.0,1.9499889268032828,1.6404790644791465,0.7434759943610739,0.6187253379551643
4080.0,1.9486937142623657,1.6394272049894365,0.7431539709779438,0.6183428984627128
4140.0,1.947330864191336,1.638285289036567,0.7428046237501563,0.6179275025897123
4200.0,1.9459007417692176,1.6370506149266415,0.7424280616239064,0.6174783110395441
4260.0,1.944403691963267,1.6357213815303986,0.7420243863613197,0.6169936452189715
4320.0,1.9428400397426056,1.6343056939295213,0.7415936926173247,0.6164780373297338
4380.0,1.941210090276375,1.632793645913063,0.7411360680095833,0.6159263956390129
4440.0,1.9395141291115716,1.6311942431273394,0.7406515931815344,0.6153434761609794
4500.0,1.9377524223331657,1.6295047838784562,0.7401403418586318,0.6147268729119941
4560.0,1.9359252167075929,1.6277252681664134,0.7396023808979862,0.6140777609073228
4620.0,1.934032739807273,1.625860198814367,0.7390377703313238,0.613397483021555
4680.0,1.9320752001159671,1.623901470740634,0.7384465634013955,0.6126820106309221
4740.0,1.9300527871199888,1.6218598907207955,0.7378288065919515,0.6119369390462136
4800.0,1.9279656713800024,1.61973095593169,0.7371845396512278,0.6111586872685243
4860.0,1.9258140045848169,1.6175164675025826,0.7365137956089703,0.6103501648594647
4920.0,1.9235979195919228,1.61521462430421,0.7358166007871227,0.6095094134602586
4980.0,1.9213175304452004,1.612829929159732,0.7350929748039126,0.6086379438048188
5040.0,1.9189729323787863,1.610356978681354,0.734342930571638,0.6077340772999089
5100.0,1.9165642018045208,1.6078047785153977,0.7335664742879285,0.6068004437415997
5160.0,1.914091396277948,1.6051670247094378,0.7327636054203815,0.6058362038332727
5220.0,1.9115545544525687,1.6024392144403183,0.7319343166847483,0.6048395670754755
5280.0,1.908953696008755,1.5996366573067764,0.7310785940162744,0.6038144501857606
5340.0,1.906288821572109,1.5967494470978618,0.7301964165344317,0.6027589507584595
5400.0,1.9035599126093563,1.5937811860721052,0.7292877565006936,0.6016729009342487
5460.0,1.900766931304828,1.5907363770526626,0.7283525792692801,0.600557923353257
5520.0,1.897909820422892,1.5876051138285856,0.7273908432309166,0.5994119477504923
5580.0,1.8949885031437697,1.5843982031754535,0.7264024997490935,0.5982382194062125
5640.0,1.892002882888144,1.5811102417054776,0.7253874930890828,0.5970345561492097
5700.0,1.8889528431125917,1.577743931112554,0.7243457603390924,0.5958012936981313
5760.0,1.8858382470918305,1.5743028736552063,0.7232772313237434,0.5945413975676958
5820.0,1.8826589376737464,1.5707807653810146,0.7221818285093092,0.5932506712748108
5880.0,1.8794147370170784,1.5671839102423988,0.7210594669007271,0.5919324160528423
5940.0,1.876105446301529,1.5635078054162044,0.7199100539298492,0.5905863521362509
6000.0,1.8727308454200648,1.5597542520316914,0.7187334893349736,0.5892108009317996
6060.0,1.869290692640544,1.5559259517827542,0.7175296650309183,0.5878074969858332
6120.0,1.8657847242467764,1.5520220041047637,0.7162984649696827,0.5863764962514595
6180.0,1.8622126541506232,1.548050514079403,0.7150397649910591,0.5849188618377287
6240.0,1.858574173479784,1.5440015754957237,0.713753432662949,0.58343381040113
6300.0,1.8548689501320856,1.5398769894829911,0.7124393271107472,0.5819210062230161
6360.0,1.851096628305223,1.5356839605582575,0.7110972988356346,0.5803815124124372
6420.0,1.847256827994292,1.5314143836398362,0.7097271895209901,0.5788149372976379
6480.0,1.8433491444527048,1.5270763638094138,0.7083288318264149,0.577222903518747
6540.0,1.8393731476262511,1.5226662988084634,0.7069020491690642,0.5756023336548306
6600.0,1.835328381543754,1.5181913931540372,0.7054466554911794,0.5739583194387068
6660.0,1.8312143636780405,1.5136381383766633,0.7039624550136835,0.5722866084341757
6720.0,1.8270305842622423,1.509014639558023,0.7024492419746162,0.5705874244536691
6780.0,1.8227765055669305,1.5043281012151706,0.700906800352004,0.568864740167847
6840.0,1.8184515611330156,1.4995686171371592,0.6993349035700785,0.5671162614992863
6900.0,1.814055154960314,1.494747894664199,0.6977333141881369,0.5653416527293393
6960.0,1.8095866606449875,1.4898524253268146,0.6961017835708612,0.5635407459986824
7020.0,1.8050454204695696,1.4848930159005889,0.694440051539295,0.5617172342124366
7080.0,1.8004307444344323,1.4798651635623603,0.6927478460010796,0.5598659696846756
7140.0,1.7957419092378584,1.4747751722645503,0.6910248825590741,0.5579927715386205
7200.0,1.79097815718977,1.4696149369254758,0.6892708640966386,0.5560928837601001
7260.0,1.7861386950643845,1.4643934631914526,0.6874854803385878,0.5541694956762646
7320.0,1.7812226928835997,1.4591089499332188,0.6856684073860065,0.5522232787244086
7380.0,1.776229282628422,1.4537559937629805,0.6838193072234351,0.5502510995304899
7440.0,1.7711575568746365,1.448346302020953,0.6819378271966137,0.5482562593278746
7500.0,1.7660065673405718,1.442866366237661,0.6800235994587969,0.5462362402267071
7560.0,1.7607753233556531,1.437330595447209,0.6780762403837769,0.5441943434603533
7620.0,1.7554627902290865,1.4317317851325448,0.6760953499431201,0.542129170201116
7680.0,1.7500678875217923,1.4260654324705122,0.6740805110453906,0.5400383704184634
7740.0,1.744589487210732,1.4203450459305813,0.672031288834623,0.5379262525017033
7800.0,1.739026411739342,1.4145652221249652,0.6699472299451967,0.5357923688259728
7860.0,1.733377431946452,1.408724159924402,0.6678278617100957,0.533635040798035
7920.0,1.727641264863294,1.4028200581996249,0.6656726913190752,0.5314535410274872
7980.0,1.7218165713714115,1.3968673259847417,0.6634812049231158,0.5292522338567451
8040.0,1.715901953704698,1.3908524548102772,0.6612528666811106,0.5270291609270326
8100.0,1.7098959527990645,1.3847691407238134,0.6589871177446527,0.5247811329111995
8160.0,1.7037970454555775,1.3786435000996615,0.6566833751757086,0.5225133534482801
8220.0,1.69760364132426,1.3724566210805627,0.6543410307925325,0.5202244796636849
8280.0,1.691314079677578,1.3662103047957785,0.6519594499375867,0.5179128889172849
8340.0,1.6849266259735922,1.3599135568916232,0.6495379701617655,0.5155805955209645
8400.0,1.6784394681682202,1.353559172851046,0.6470758998174643,0.5132272637560761
8460.0,1.671850712785476,1.3471498543679417,0.6445725165537056,0.5108515507480303
8520.0,1.6651583806962589,1.3406883031362042,0.6420270657042971,0.5084566458239771
8580.0,1.6583604026047416,1.3341718174619377,0.6394387585606207,0.506040702531356
8640.0,1.6514546141979145,1.3276039996036708,0.6368067705184032,0.5036041684950301
8700.0,1.6444387509443903,1.3209857501260345,0.6341302390879295,0.5011479949178336
8760.0,1.6373104424978702,1.3143089639473455,0.6314082617549579,0.4986697198630192
8820.0,1.630067206683089,1.3075862489724432,0.6286398936792286,0.49617376362611054
8880.0,1.6227064430068416,1.300811301248908,0.6258241452149667,0.4936566571144182
8940.0,1.6152254256740064,1.2939850213413724,0.6229599792373027,0.4911199670149631
9000.0,1.6076212960340484,1.2871083098144656,0.6200463082552238,0.48856481238990324
9060.0,1.5998910544279408,1.280185669491349,0.6170819912910503,0.48599063370815954
9120.0,1.5920315513558847,1.2732143986781246,0.6140658305025659,0.4833960880951427
9180.0,1.584039477910659,1.2661917956809,0.6109965675223339,0.4807822946130105
9240.0,1.5759113553927429,1.2591241644520945,0.6078728794847515,0.47815137947986297
9300.0,1.5676435240290307,1.2520079027331832,0.604693374708334,0.4755003212278738
9360.0,1.5592321306906196,1.2448430105241641,0.6014565879962932,0.47283124607514293
9420.0,1.550673115509433,1.2376312889543026,0.5981609755138639,0.47014370639680725
9480.0,1.5419621972647148,1.2303745391528622,0.5948049091954366,0.4674387093488088
9540.0,1.533094857406044,1.2230763633783663,0.5913866706282425,0.4647148001503424
9600.0,1.524066322550196,1.215731358243028,0.5879044443520028,0.46197399311329224
9660.0,1.5148715452734325,1.2083431260053725,0.5843563105056766,0.45921572870657934
9720.0,1.5055051829996875,1.2009080644068746,0.5807402367427507,0.45643877596183
9780.0,1.4959615747366977,1.193427974576796,0.5770540693246491,0.4536449253784969
9840.0,1.4862347154060251,1.1859082599029271,0.5732955232891785,0.4508326102695589
9900.0,1.4763182274457287,1.1783489203852682,0.5694621715746625,0.4480059711650003
9960.0,1.4662053293278856,1.1707445526360285,0.5655514329620787,0.4451597484726789
10020.0,1.4558888005817774,1.1630987589137352,0.5615605586760236,0.442298082722579
10080.0,1.4453609428293648,1.1554079369598629,0.5574866174586912,0.43941940722767947
10140.0,1.434613536280056,1.147684694679251,0.5533264789009855,0.4365250648625698
10200.0,1.4236377910141154,1.1399110207792713,0.5490767947769322,0.43361309726847364
10260.0,1.4124242922860115,1.1321103299403426,0.5447339780840647,0.430686749725649
10320.0,1.4009629389290892,1.1242592074820443,0.5402941794379061,0.4277424971882984
10380.0,1.3892428737715194,1.1163738635677447,0.5357532604040399,0.42478347303046393
10440.0,1.3772524047794008,1.108452497068182,0.5311067632718424,0.421808446283772
10500.0,1.364978915373478,1.100491505724829,0.5263498766761403,0.4188176407606541
10560.0,1.3524087620579477,1.0924926906669477,0.5214773963536242,0.4158113921797576
10620.0,1.3395271571287837,1.084454250765278,0.5164836801718768,0.4127901481659457
10680.0,1.3263180337149456,1.0763887939246573,0.511362596383013,0.4097545801565131
10740.0,1.3127638898214733,1.068276507723196,0.5061074638211837,0.4067021143084967
10800.0,1.2988456072732166,1.060131801194995,0.5007109824683861,0.4036353244648596
10860.0,1.2845422404727014,1.0519510720815308,0.4951651524371147,0.40055376300073864
10920.0,1.269830768624056,1.0437397237705923,0.4894611789360922,0.3974583251658601
10980.0,1.2546858034723154,1.0354905517451272,0.4835893601606166,0.3943474442732029
11040.0,1.2390792424425714,1.0272107605221876,0.4775389542315227,0.391223358447083
11100.0,1.222979854292634,1.0188913444554561,0.4712980202291315,0.38808315812588967
11160.0,1.2063527806089214,1.0105413091912503,0.4648532269290717,0.38492896952772304
11220.0,1.1891589314658602,1.0021570524710448,0.458189620906929,0.38176135218366203
11280.0,1.1713542466089848,0.9937421765533649,0.451290343025893,0.3785794108439803
11340.0,1.0354208039470958,0.9379612032719944,0.3985722517369737,0.357397130882561
11400.0,1.1328676049269235,0.9764513356266242,0.4363799152832401,0.3720353591572001
11460.0,1.000929180384148,0.9259854948009636,0.385253392094205,0.3528601171759169
11520.0,1.092311788969266,0.9595135160354715,0.4206762234337733,0.3656207829620852
11580.0,0.9633237881972744,0.9138656959888767,0.3707343667958065,0.34826356936247427
11640.0,1.0479390829312298,0.942435208361788,0.4035036462891497,0.35914353928612974
11700.0,0.9219347554911208,0.9016180169991017,0.354758418500894,0.34361297084680675
11760.0,0.9992248622246388,0.9253460939125269,0.3846609566198357,0.35265465736373236
11820.0,0.8760900880313733,0.889305497355851,0.3370671552770002,0.33893372433989755
11880.0,0.9443834555455572,0.9080696620198907,0.3634637058785769,0.346088672058658
11940.0,0.8239834313624678,0.8768416828544936,0.3169683803747858,0.3341899079464796
12000.0,0.8813869789089603,0.8906275262350416,0.3391341908245299,0.33945151440034316
12060.0,0.7631933716563196,0.8642013576853405,0.293532635717478,0.32937581444954733
12120.0,0.8066854528767564,0.8730160842994508,0.3103100644620867,0.3327434082012195
12180.0,0.6893165220198256,0.851377317331341,0.2650691944596272,0.3244861842569593
12240.0,0.646339128836557,0.8450877739442397,0.2485189088311219,0.322085460209685
12300.0,0.5940202640267807,0.8384974419701816,0.2283786419283464,0.3195694727601506
12360.0,0.5296003901114378,0.8318494738597035,0.2035899515865511,0.317029313568006
12420.0,0.0,0.8251258583201704,0.0,0.3144594992286782
12480.0,0.0,0.8184112484269512,0.0,0.31189080395150803
12540.0,0.0,0.8112355494423547,0.0,0.30914630400933696
12600.0,0.0,0.8040418391651247,0.0,0.30639038963315546
12660.0,0.0,0.7968139074318952,0.0,0.3036221655732374
12720.0,0.0,0.7818861480984758,0.0,0.2979036460403164
12780.0,0.0,0.7822896010534333,0.0,0.2980536003694707
12840.0,0.0,0.7630373303590652,0.0,0.290671147314016
12900.0,0.0,0.7536354356051493,0.0,0.2870616123238128
12960.0,0.0,0.744154291163655,0.0,0.2834185054688736
13020.0,0.0,0.7346533343002637,0.0,0.2797649913358664
13080.0,0.0,0.7251217582393963,0.0,0.2760982722693963
13140.0,0.0,0.7155685686273721,0.0,0.2724215935497212
13200.0,0.0,0.705990163205664,0.0,0.2687315979903673
13260.0,0.0,0.6963937464913226,0.0,0.26503164277780855
13320.0,0.0,0.686764909450245,0.0,0.26131915406908157
13380.0,0.0,0.6771252656335864,0.0,0.2575973771444444
13440.0,0.0,0.667456803748717,0.0,0.25386496912930734
13500.0,0.0,0.6577775350882682,0.0,0.25012338480447593
13560.0,0.0,0.6482063341836124,0.0,0.24641996049922765
13620.0,0.0,0.6386063152107457,0.0,0.24270377888537964
13680.0,0.0,0.628999091720825,0.0,0.23898300911668469
13740.0,0.0,0.619384663713852,0.0,0.23525384638180546
13800.0,0.0,0.6097558266727727,0.0,0.23151897642992103
13860.0,0.0,0.6001161828561159,0.0,0.22777660876157912
13920.0,0.0,0.5904711356516685,0.0,0.2240290934073108
13980.0,0.0,0.5808098782838513,0.0,0.22027284936821134
14040.0,0.0,0.5711504220452994,0.0,0.21651391957993282
14100.0,0.0,0.5614801590311664,0.0,0.21274894685600199
14160.0,0.0,0.5518026914999812,0.0,0.20897725975912373
14220.0,0.0,0.5421198205810072,0.0,0.2052014321322615
14280.0,0.0,0.5324297451449791,0.0,0.20142012110082574
14340.0,0.0,0.5227378685796875,0.0,0.19763466953940578
14400.0,0.0,0.5130423897558707,0.0,0.1938437345734123
14460.0,0.0,0.5033307007686858,0.0,0.19004787573392412
14520.0,0.0,0.4936370230741307,0.0,0.1862503383011993
14580.0,0.0,0.4839289363454711,0.0,0.1824474293701166
14640.0,0.0,0.4742172473582862,0.0,0.17864105134634456
14700.0,0.0,0.4645127628881536,0.0,0.17483209947960954
14760.0,0.0,0.45480467615949394,0.0,0.17101867136424276
14820.0,0.0,0.44510019168935955,0.0,0.167204236092934
14880.0,0.0,0.4353939060899634,0.0,0.16338644363515176
14940.0,0.0,0.4256912227490943,0.0,0.15956562970954336
15000.0,0.0,0.41598853940822345,0.0,0.15574280147205055
15060.0,0.0,0.4062894583258796,0.0,0.15191762320402624
15120.0,0.0,0.3965903772435375,0.0,0.1480897591868231
15180.0,0.0,0.38689850067824594,0.0,0.1442612237323253
15240.0,0.0,0.3772138286300084,0.0,0.140431904934317
15300.0,0.0,0.36753636109882315,0.0,0.13660012419956136
15360.0,0.0,0.3578570924383744,0.0,0.13276711249643203
15420.0,0.0,0.34819223281203193,0.0,0.12893477223059735
15480.0,0.0,0.3385309754442165,0.0,0.1250998581217997
15540.0,0.0,0.3288769225934516,0.0,0.12126651070002303
15600.0,0.0,0.31923367651826773,0.0,0.1174321561223044
15660.0,0.0,0.30959763496013615,0.0,0.11359713010729089
15720.0,0.0,0.29997240017758386,0.0,0.10976378268551423
15780.0,0.0,0.29035436991208563,0.0,0.1059297638264427
15840.0,0.0,0.28074894755142843,0.0,0.10209608068601872
15900.0,0.0,0.27115613309561404,0.0,0.09826396423261574
15960.0,0.0,0.2615705231568519,0.0,0.09443184777921276
16020.0,0.0,0.2520047256399849,0.0,0.09060196945012544
16080.0,0.0,0.24244253038164487,0.0,0.0867723149334696
16140.0,0.0,0.23290194867446345,0.0,0.08294467472869815
16200.0,0.0,0.2233667703550708,0.0,0.07911837739851602
16260.0,0.0,0.21385680784536376,0.0,0.07529566106723906
16320.0,0.0,0.204354049852709,0.0,0.07147272092353063
16380.0,0.0,0.1948693031526858,0.0,0.06765358559115886
16440.0,0.0,0.18539896548676893,0.0,0.06383556932094492
16500.0,0.0,0.17595024137201065,0.0,0.06002225311179421
16560.0,0.0,0.1665159262913587,0.0,0.05621106312074331
16620.0,0.0,0.15709241798628426,0.0,0.05240088028563439
16680.0,0.0,0.14769952887868598,0.0,0.04859606894888335
16740.0,0.0,0.13831744654666522,0.0,0.044794502892390176
16800.0,0.0,0.12895517663654132,0.0,0.04099640592858633
16860.0,0.0,0.11961452027757424,0.0,0.037200770901529845
16920.0,0.0,0.11029547746976753,0.0,0.03341073118526272
16980.0,0.0,0.10099444595459062,0.0,0.029623601030605906
17040.0,0.0,0.09171863024909932,0.0,0.025840387593501823
17100.0,0.0,0.08246082583624137,0.0,0.02206209802989223
17160.0,0.0,0.07322463497454024,0.0,0.0182891799646403
17220.0,0.0,0.0640100576639977,0.0,0.014520066710725255
17280.0,0.0,0.054827900680193054,0.0,0.010756884486246898
17340.0,0.0,0.04566015273049473,0.0,0.006997730885536901
17400.0,0.0,0.03652122284900727,0.0,0.003244620220479444
17460.0,0.0,0.02740390651867841,0.0,-0.0005037903835152235
17520.0,0.0,0.01831000486876988,0.0,-0.004246605676720305
17580.0,0.0,0.009244921287073993,0.0,-0.007983825659136023
17640.0,0.0,0.00020505351506194813,0.0,-0.011714778893467948
17700.0,0.0,-0.008805996188737453,0.0,-0.01543968919214711
17760.0,0.0,-0.017797233470643548,0.0,-0.019158668461389583
17820.0,0.0,-0.026752448167284726,0.0,-0.022870933357685086
17880.0,0.0,-0.03568604931276731,0.0,-0.0265770434121122
17940.0,0.0,-0.044590832390039026,0.0,-0.0302766629060236
18000.0,0.0,-0.05346319514057285,0.0,-0.03396912040212463
18060.0,0.0,-0.06230854095215754,0.0,-0.03765486352527869
18120.0,0.0,-0.07112506869553314,0.0,-0.041334227994132666
18180.0,0.0,-0.07991097724143259,0.0,-0.04500587093409747
18240.0,0.0,-0.08866446546059414,0.0,-0.04866912090787823
18300.0,0.0,-0.09739273787007185,0.0,-0.05232643985222207
18360.0,0.0,-0.10608858995281167,0.0,-0.055975589642813794
18420.0,0.0,-0.11475202170881538,0.0,-0.0596164583734371
18480.0,0.0,-0.12338303313807941,0.0,-0.06324949366895538
18540.0,0.0,-0.13198162424060556,0.0,-0.06687570268531084
18600.0,0.0,-0.14054779501639558,0.0,-0.07049239967332421
18660.0,0.0,-0.14908334659471123,0.0,-0.07410182275731159
18720.0,0.0,-0.15757927332923494,0.0,-0.07770184571917271
18780.0,0.0,-0.1660499842540748,0.0,-0.081294482870792
18840.0,0.0,-0.1744810703351245,0.0,-0.0848768246505589
18900.0,0.0,-0.18287613383090928,0.0,-0.08845133299522079
18960.0,0.0,-0.19123877699995617,0.0,-0.09201632931154058
19020.0,0.0,-0.19956719871300344,0.0,-0.09557270884924507
19080.0,0.0,-0.2078632000993128,0.0,-0.09911957635860746
19140.0,0.0,-0.21611417325404148,0.0,-0.10265715565205968
19200.0,0.0,-0.22433632834055928,0.0,-0.10618623007311201
19260.0,0.0,-0.2325188585832869,0.0,-0.10970512102852781
19320.0,0.0,-0.24066716737001315,0.0,-0.11321483567424906
19380.0,0.0,-0.2487740501836857,0.0,-0.11671391922947061
19440.0,0.0,-0.25684671154135863,0.0,-0.12020337885013443
19500.0,0.0,-0.26488154918450313,0.0,-0.12368276691137758
19560.0,0.0,-0.27287676198385746,0.0,-0.1271523072256313
19620.0,0.0,-0.28083415106868337,0.0,-0.13061155216803266
19680.0,0.0,-0.2887501141804574,0.0,-0.13406072555101334
19740.0,0.0,-0.29662825357770295,0.0,-0.1374982606875521
19800.0,0.0,-0.3044685692604219,0.0,-0.14092684332682803
19860.0,0.0,-0.31227106122861414,0.0,-0.144344235344525
19920.0,0.0,-0.3200303260944892,0.0,-0.147750212928212
19980.0,0.0,-0.32774996611657414,0.0,-0.1511461189524781
20040.0,0.0,-0.3354299812948671,0.0,-0.1545307224489496
20100.0,0.0,-0.3430667693708447,0.0,-0.15790391151141114
20160.0,0.0,-0.3506657337322938,0.0,-0.16126669329580423
20220.0,0.0,-0.35822147099142754,0.0,-0.16461783683375564
20280.0,0.0,-0.3657357822775058,0.0,-0.16795801356256002
20340.0,0.0,-0.37320506533200515,0.0,-0.17128576870141177
20400.0,0.0,-0.3806311212841891,0.0,-0.17460188559382184
20460.0,0.0,-0.3880193535218428,0.0,-0.17790781902059538
20520.0,0.0,-0.39536796091570814,0.0,-0.18120144276363237
20580.0,0.0,-0.4026643355609405,0.0,-0.18448230919806963
20640.0,0.0,-0.4099192842331192,0.0,-0.187752096917144
20700.0,0.0,-0.41713640919076944,0.0,-0.19100957495248183
20760.0,0.0,-0.4243085059168408,0.0,-0.1942557504600253
20820.0,0.0,-0.4314337732820679,0.0,-0.19748916865896882
20880.0,0.0,-0.43851221128645257,0.0,-0.20070982954931282
20940.0,0.0,-0.44555462670557233,0.0,-0.20391985934915713
21000.0,0.0,-0.45254661050532263,0.0,-0.20711567705959633
21060.0,0.0,-0.4594953672027575,0.0,-0.21029952080494652
21120.0,0.0,-0.4663972945393482,0.0,-0.21347139058520748
21180.0,0.0,-0.4732559947736217,0.0,-0.21663005543200553
21240.0,0.0,-0.4800642633885257,0.0,-0.21977562725155653
21300.0,0.0,-0.48682930490111254,0.0,-0.22290911319980267
21360.0,0.0,-0.49355292044064747,0.0,-0.22602950612080153
21420.0,0.0,-0.5002261043608112,0.0,-0.2291366941083377
21480.0,0.0,-0.5068542600493942,0.0,-0.23223090097484267
21540.0,0.0,-0.5134337852478712,0.0,-0.23531246243896353
21600.0,0.0,-0.5199700833440328,0.0,-0.23838059515719023
21660.0,0.0,-0.5269206411707295,0.0,-0.24172368144760492
21720.0,0.0,-0.5310830508979905,0.0,-0.24404920451787038
21780.0,0.0,-0.533024668243721,0.0,-0.24558567686062305
21840.0,0.0,-0.5326896582007663,0.0,-0.24630467429705316
21900.0,0.0,-0.5301176456129131,0.0,-0.24622130416629195
21960.0,0.0,-0.5253338462898487,0.0,-0.24533825221751848
22020.0,0.0,-0.5183526692656777,0.0,-0.2436616732926007
22080.0,0.0,-0.5092173416427155,0.0,-0.2411970507961123
22140.0,0.0,-0.49795307923064946,0.0,-0.23794718238344803
22200.0,0.0,-0.48457248993432067,0.0,-0.23391307521054983
22260.0,0.0,-0.4691169997267828,0.0,-0.22909775074524386
22320.0,0.0,-0.4516100232884579,0.0,-0.22350243995590424
22380.0,0.0,-0.4320749752997681,0.0,-0.2171262475928042
22440.0,0.0,-0.4105442760874496,0.0,-0.20996894984351222
22500.0,0.0,-0.3870323346856086,0.0,-0.20202898002100755
22560.0,0.0,-0.36157877593803534,0.0,-0.19330521906313214
22620.0,0.0,-0.33420521339589015,0.0,-0.1837948693144913
22680.0,0.0,-0.30493866399811864,0.0,-0.17349546883833789
22740.0,0.0,-0.2738007412958794,0.0,-0.16240477951035603
22800.0,0.0,-0.24082386561591207,0.0,-0.15051944414407203
22860.0,0.0,-0.2060296505093735,0.0,-0.1378363293654441
22920.0,0.0,-0.16944331178594751,0.0,-0.1243520779879983
22980.0,0.0,-0.13115670703805904,0.0,-0.11008817600516596
23040.0,0.0,-0.09105816625138985,0.0,-0.09499359418254838
23100.0,0.0,-0.049198121045309406,0.0,-0.079072137331482
23160.0,0.0,-0.005585577066133496,0.0,-0.06231966492198304
23220.0,0.0,0.001849484532366219,0.0,-0.0613978934225472
23280.0,0.0,0.08523096264304542,0.0,-0.026998706033196873
23340.0,0.0,0.06694409723375472,0.0,-0.03745074658768344
23400.0,0.0,0.18164901436078296,0.0,0.011127741685364345
23460.0,0.0,0.2363619179890737,0.0,0.03321299290196733
23520.0,0.0,0.28973838370406924,0.0,0.05479679236562962
23580.0,0.0,0.3445017189517312,0.0,0.07707944614688067
23640.0,0.0,0.40077800278048237,0.0,0.1001162359163188
23700.0,0.0,0.45856003067327045,0.0,0.12389485199020744
23760.0,0.0,0.5178442003715684,0.0,0.14839436790619476
23820.0,0.0,0.5785998926779037,0.0,0.1735921786086918
23880.0,0.0,0.6408199030752204,0.0,0.19946086707483057
23940.0,0.0,0.7044916236586793,0.0,0.22596954718905393
24000.0,0.0,0.7695934408771219,0.0,0.25308419946176297
24060.0,0.0,0.8361127468257035,0.0,0.2807648733739214
24120.0,0.0,0.9040423369873718,0.0,0.3089717303127095
24180.0,0.0,0.9733642000694953,0.0,0.3376582172923597
24240.0,0.9205508148807992,1.0440693304257582,0.3094937046731994,0.36677733370224175
24300.0,1.244259771428525,1.115914575605629,0.4171584246635025,0.3961796847442801
24360.0,1.4540073330989776,1.1868304380856873,0.4860760637332441,0.42494114888850754
24420.0,1.6185794576748638,1.257753505082798,0.539497694516966,0.4534329750057967
24480.0,1.7578393503685266,1.3289530454218106,0.5841521935319449,0.4817436809128348
24540.0,1.880560535401512,1.4005146127427253,0.6230169752871028,0.5098739940000248
24600.0,1.9914978472833396,1.4724535166442827,0.6577079878775092,0.5377950984168012
24660.0,2.0935587818761103,1.5447418396229011,0.6892144873723072,0.5654679948469626
24720.0,2.188668732760556,1.6173615703859472,0.7181921440108469,0.5928534601618756
24780.0,2.2781776409186985,1.6902676807018437,0.7451009368129979,0.6199118795611517
24840.0,2.363073896371272,1.7634313525023781,0.7702777570934902,0.646604309681697
24900.0,2.4441064136017485,1.8368156626376546,0.793977882309804,0.672897010799452
24960.0,2.5218587566215915,1.910389091345568,0.8164001819778611,0.6987594884706145
25020.0,2.5967964019471745,1.9841147154762204,0.8377032033426938,0.724163766141238
25080.0,2.6692980894324707,2.0579592141382452,0.8580158505333181,0.7490857280218205
25140.0,2.7396773080921064,2.131891968134166,0.8774447093747555,0.7735064060087861
25200.0,2.80819742965347,2.2058913639128264,0.8960792106845462,0.7974107487161113
25260.0,2.8750826188464265,2.2799276828413824,0.9139953554426208,0.8207861666945202
25320.0,2.9405258583767075,2.353977510239412,0.9312584567211084,0.8436250503213394
25380.0,3.004694956155536,2.4280246359435473,0.9479251935260876,0.8659218602388873
25440.0,3.0677371129282096,2.502054650919682,0.9640451733672248,0.8876757011974377
25500.0,3.1297824448963154,2.5760486433105516,0.979662137976777,0.9088865731969906
25560.0,3.190946736332405,2.6499985080344732,0.9948149059273996,0.929558057236451
25620.0,3.251333617383501,2.723890736621973,1.0095381187350196,0.9496958045797165
25680.0,3.311036307775622,2.79771902512063,1.023862838488721,0.9693059141155471
25740.0,3.3701390292685125,2.871477970142651,1.037817032139293,0.9883980657316086
25800.0,3.428718162856846,2.9451594666063574,1.0514259684291904,1.0069828345652927
25860.0,3.486843207445732,3.0187662162056377,1.0647125468654663,1.0250701802698046
25920.0,3.544577582674556,3.092287412164918,1.0776975733393166,1.0426715732322622
25980.0,3.6019793082212157,3.165732960695143,1.0903999934610304,1.0598012814951785
26040.0,3.659101584242635,3.2390893533268397,1.1028370920518962,1.07647055163324
26100.0,3.7159932918584304,3.312364695141694,1.1150246652687057,1.0926931481109887
26160.0,3.77269942828165,3.38555808557507,1.1269771703584344,1.108482387768103
26220.0,3.829261487925868,3.4586650218038137,1.138707856924241,1.123851307678722
26280.0,3.8857177983696496,3.531697211168135,1.150228882739554,1.138814008026035
26340.0,3.942103818180717,3.6046447474570833,1.1615514165055072,1.1533831482007026
26400.0,3.9984524021767553,3.677513034058453,1.1726857294590272,1.167571905159634
26460.0,4.054794038620679,3.750305673230768,1.1836412773667868,1.1813926585279506
26520.0,4.111157062006243,3.8230208638447642,1.194426774154588,1.1948590608639784
26580.0,4.1675678444531545,3.8956622081589707,1.2050502582021505,1.2079824986251735
26640.0,4.224050968230798,3.9682315073026473,1.2155191521628037,1.2207747779173015
26700.0,4.280629381533719,4.040728761275798,1.225840317033967,1.233248795931732
26760.0,4.337324539333015,4.113153970078418,1.2360201010992458,1.2454139947554217
26820.0,4.394156530869139,4.185508934839774,1.246064384278042,1.2572824043065678
26880.0,4.451144195156842,4.257804462335445,1.2559786183504242,1.2688651452653643
26940.0,4.508305225703289,4.330031546919114,1.265767863468385,1.2801711001876892
27000.0,4.565656265505361,4.40220009480173,1.2754368213176093,1.2912113338006281
27060.0,4.623212993269857,4.474306503724764,1.284989865253821,1.3019946027655669
27120.0,4.680990201705763,4.5463516742528505,1.294431067703697,1.3125301952984154
27180.0,4.739001868641629,4.618345512596935,1.3037642250903292,1.3228277772985622
27240.0,4.797261221654343,4.690286217627754,1.312992880517438,1.3328951612186972
27300.0,4.8557807968189,4.762176491039204,1.3221203444231322,1.3427411736615906
27360.0,4.914572492135751,4.834021736219075,1.3311497133937973,1.352373501185439
27420.0,4.97364761613116,4.9058237542966285,1.3400838873099925,1.3617999842194861
27480.0,5.033016932085683,4.977587048095023,1.348925584980104,1.3710282673570977
27540.0,5.092690698297593,5.049316120437416,1.357677358402326,1.3800655685491923
27600.0,5.15267870474687,5.12101727527623,1.3663416057822362,1.388918518239055
27660.0,5.21299030649695,5.192689612046834,1.3749205834212717,1.3975941525300037
27720.0,5.273634454134463,5.264343036960172,1.3834164165802385,1.4060989724737616
27780.0,5.334619721518181,5.335980251710144,1.391831109412163,1.414438965052873
27840.0,5.3959543310852585,5.4076084608137975,1.4001665540499078,1.4226207607106238
27900.0,5.457646176938393,5.479235769352821,1.4084245389257704,1.4306501995526502
27960.0,5.519702845912962,5.550860376197948,1.4166067563929343,1.4385322159436542
28020.0,5.582131636811262,5.622497590947919,1.424714809712181,1.4462727618954883
28080.0,5.644939577963771,5.694150115296626,1.432750219460955,1.453877131970987
28140.0,5.708133443272119,5.765825153761124,1.4407144294168712,1.4613504948384917
28200.0,5.771719766865314,5.837531711987728,1.4486088119624303,1.4686981450608367
28260.0,5.835704856494989,5.909274292799596,1.4564346730536206,1.4759244190038843
28320.0,5.900094805777648,5.981063702972307,1.4641932567908438,1.4830336810100495
28380.0,5.964895505388647,6.052908047587545,1.4718857496271898,1.490031092753536
28440.0,6.030112653295201,6.124813630597732,1.4795132842456182,1.4969206269050042
28500.0,6.09575176411354,6.1967885570845525,1.4870769431338164,1.5037065079240994
28560.0,6.161818177665623,6.268847236082113,1.4945777618828118,1.5103929183056375
28620.0,6.228317066803538,6.340992369284306,1.502016732232921,1.5169835929195699
28680.0,6.295253444560718,6.413237465160607,1.5093948048884749,1.523482658307604
28740.0,6.36263217069224,6.485583424275648,1.5167128921209891,1.5298930520079037
28800.0,6.430457957649845,6.5580500590513235,1.523971870178289,1.5362195300346404
28860.0,6.498735376041575,6.630640071181528,1.5311725815158646,1.5424644564066226
28920.0,6.5674688596172,6.703368770264998,1.5383158368650556,1.5486313561696474
28980.0,6.636662709820109,6.776240659124893,1.5454024171514598,1.5547238942522819
29040.0,6.706321099937006,6.849264743407529,1.5524330752756466,1.5607444906264423
29100.0,6.776448078883989,6.922457233276274,1.5594085377674258,1.5666966003965412
29160.0,6.847047574650416,6.9958181287311305,1.5663295063235214,1.572582755440711
29220.0,6.918123397437088,7.069363639935464,1.5731966592382294,1.5784059632385006
29280.0,6.989679242503541,7.143101871970959,1.5800106527350826,1.5841686577501033
29340.0,7.06171869275485,7.217047233871723,1.5867721222075797,1.589873776513684
29400.0,7.134245221084194,7.291201526767018,1.593481683375766,1.5955232918762954
29460.0,7.207262192492884,7.365577358561687,1.6001399333652682,1.60111973571607
29520.0,7.280772866002637,7.440184635466678,1.606747451714529,1.6066657937821867
29580.0,7.354780396377878,7.515033263692938,1.6133048013157556,1.6121629768085584
29640.0,7.429287835673398,7.590131348322151,1.6198125292945122,1.6176139845326412
29700.0,7.504298134619561,7.665489696129897,1.626271167832428,1.6230201738173011
29760.0,7.579814143856587,7.741116412197861,1.6326812349372175,1.6283841185055017
29820.0,7.655838615033261,7.817019601607725,1.6390432351639252,1.633707273378048
29880.0,7.732374201777103,7.893209170570438,1.6453576602907525,1.638991652746824
29940.0,7.809423460546949,7.969694124732317,1.6516249899528217,1.6442387673457433
30000.0,7.886988851377948,8.046485270868942,1.657845692236804,1.649450407674258
30060.0,7.965072738526512,8.123584410109572,1.6640202242391586,1.6546276927945263
30120.0,8.043677391022692,8.201004150359053,1.6701490325904922,1.6597725251122162
30180.0,8.122804983139527,8.278756198957595,1.6762325539484235,1.6648863034550254
30240.0,8.202457594781546,8.356840555905197,1.68227121546097,1.669970007002342
30300.0,8.28263721180554,8.435269829106701,1.688265435202659,1.6750252304177407
30360.0,8.363345726271655,8.514053024208428,1.6942156225849077,1.6800532326461493
30420.0,8.444584936636906,8.593192842904266,1.7001221787426517,1.6850548250076323
30480.0,8.526356547892249,8.672698290840536,1.7059854968985797,1.6900310706112394
30540.0,8.608662171650078,8.75257837366355,1.7118059627065347,1.6949833682846682
30600.0,8.69150332618447,8.832838494761102,1.717583954575373,1.699912613277645
30660.0,8.774881436431068,8.913486759214873,1.7233198439745698,1.7048195329805722
30720.0,8.858797833947937,8.994524968154126,1.729013995722666,1.7097050785962844
30780.0,8.943253756843408,9.075967530612967,1.73466676825972,1.7145699775151837
30840.0,9.028250349672447,9.157812195179822,1.7402785139046522,1.7194150130807808
30900.0,9.113788663304865,9.24007111947721,1.7458495790984656,1.7242409686365865
30960.0,9.199869654770945,9.322743853222821,1.751380304634258,1.7290484037136793
31020.0,9.286494187083989,9.405841653474546,1.7568710258746911,1.7338382695148935
31080.0,9.373663029045494,9.489367221926283,1.7623220729577949,1.7386106779464452
31140.0,9.461376855031403,9.573328663659712,1.7677337709916845,1.7433665802111682
31200.0,9.549636244769,9.65772687923947,1.7731064402390146,1.7481061441683863
31260.0,9.638441683097,9.742569073182608,1.7784403962915034,1.7528303210209337
31320.0,9.727793559721398,9.82785884774765,1.7837359502354142,1.7575388869563788
31380.0,9.81769216896026,9.913598904628493,1.788993408808223,1.7622324015058008
31440.0,9.908137709484716,9.999798249471453,1.7942130745471756,1.7669117039658178
31500.0,9.9991302840578,10.086460484535056,1.7993952459301392,1.7715767383833219
31560.0,10.090669899268104,10.173583808690038,1.804540217509052,1.776227672617637
31620.0,10.182756465267282,10.261177227582717,1.809648280036647,1.7808650661998418
31680.0,10.275389795506763,10.349243442906985,1.8147197205865304,1.7854891988954757
31740.0,10.368569606478047,10.437786056921372,1.8197548226671825,1.7901000147514312
31800.0,10.462295517457669,10.526807321037452,1.824753866330128,1.7946978494863552
31860.0,10.5565670502577,10.61631263864302,1.829717128272598,1.799282815006464
31920.0,10.651383628984608,10.706300208608809,1.8346448819350096,1.803855079171081
31980.0,10.746744579804195,10.796776334887243,1.839537397593459,1.8084148657926375
32040.0,10.842649130718495,10.887745970583794,1.8443949424476307,1.812962118918026
32100.0,10.939096411351832,10.97920821513383,1.849217780704217,1.8174970064065703
32160.0,11.036085452748711,11.071166220513563,1.8540061736561677,1.8220193603989463
32220.0,11.133615187185782,11.163623138699203,1.858760379758002,1.8265295166138014
32280.0,11.231684447995557,11.256579870255381,1.8634806546973008,1.831027419098028
32340.0,11.330291969405703,11.350040017440623,1.8681672514626653,1.83551295594541
32400.0,11.42943638639369,11.444003129972616,1.8728204204082888,1.8399864069214873
32460.0,11.529116234558373,11.5384732603922,1.8774404093153123,1.844447436307612
32520.0,11.629329950006598,11.633451309264007,1.882027463450106,1.8488961560100003
32580.0,11.730075869259332,11.7289390777173,1.8865818256197104,1.853332454122436
32640.0,11.83135222917593,11.824937016034395,1.891103736224503,1.857756162785596
32700.0,11.933157166897034,11.92144647506224,1.8955934333082547,1.8621675058119116
32760.0,12.035488719805684,12.018470156494729,1.9000511526057016,1.8665663153420589
32820.0,12.138344825512815,12.11600715976723,1.9044771275878645,1.8709524794698225
32880.0,12.241723321858286,12.214060636855955,1.9088715895049728,1.8753257743827705
32940.0,12.34562194693759,12.312628336349324,1.9132347674274488,1.879686088174687
33000.0,12.450038339146063,12.411712059376601,1.9175668882847332,1.8840333648924645
33060.0,12.55497003724967,12.511313607067047,1.92186817690236,1.8883675485829952
33120.0,12.66041448047413,12.611433654844138,1.9261388560370527,1.8926886392462785
33180.0,12.766369008619725,12.712071302143242,1.93037914641026,1.8969961892574516
33240.0,12.872830862197622,12.813225873540885,1.934589266739952,1.9012900867102989
33300.0,12.97979718258986,12.91489917016633,1.9387694337709285,1.905570387557928
33360.0,13.087265012234472,13.017092317725368,1.9429198623036703,1.9098367560816918
33420.0,13.195231294831933,13.119801488818311,1.9470407652217363,1.9140894160940216
33480.0,13.303692875578502,13.223027584009795,1.9511323535179304,1.918327584251407
33540.0,13.412646501420689,13.32677240442908,1.955194836319132,1.9225515403193874
33600.0,13.522088821337904,13.431034148946905,1.9592284209100408,1.9267610045324235
33660.0,13.63201638664621,13.535814393551373,1.963233312755705,1.9309559209374072
33720.0,13.742425651327736,13.641107509713539,1.9672097155230397,1.9351359538156916
33780.0,13.853312972387377,13.746917549974244,1.9711578311013864,1.9393008234017366
33840.0,13.964674610228514,13.853238435522224,1.9750778596219805,1.9434506975548662
33900.0,14.076506729059226,13.960077145733376,1.9789699994767045,1.9475851846033252
33960.0,14.188805397320374,14.0674267012318,1.9828344473358608,1.9517042285940054
34020.0,14.301566588137485,14.175285976311715,1.986671398165181,1.95580749380826
34080.0,14.414786179799698,14.283654070408481,1.990481045242112,1.9598947564336568
34140.0,14.528459956260823,14.39253120866326,1.9942635801713395,1.9639662402826277
34200.0,14.642583607666683,14.501916490511423,1.9980191928996929,1.9680213298709859
34260.0,14.75715273090465,14.611806763976753,2.001748071730356,1.9720600811518394
34320.0,14.872162830179684,14.722201128494623,2.005450403336568,1.976082326265864
34380.0,14.987609317611396,14.833096206947664,2.009126372774662,1.980087785447521
34440.0,15.103487513857331,14.944489747924296,2.0127761634966803,1.984076346790594
34500.0,15.219792648758482,15.05638253941857,2.016399957362438,1.9880477864826513
34560.0,15.336519862007512,15.168771091742542,2.019997934651128,1.9920022164299094
34620.0,15.45366420384137,15.281651915208261,2.023570274072538,1.995938965195073
34680.0,15.571220635755736,15.395024221821679,2.027117152777817,1.9998583125436817
34740.0,15.689184031241547,15.508886323024107,2.0306387463698945,2.003759698944657
34800.0,15.807549176543896,15.623232365145443,2.034135228913529,2.0076435160697534
34860.0,15.926310771443298,15.738062460756264,2.037606772945077,2.0115093162941085
34920.0,16.045463430057044,15.853372782456887,2.041053549481892,2.0153567079459664
34980.0,16.1650016816638,15.969162767394415,2.044475728031525,2.019185635072219
35040.0,16.284919971545573,16.085425436192956,2.047873476600572,2.0229962655321914
35100.0,16.40521266185342,16.20215943800556,2.0512469617033875,2.0267882076541266
35160.0,16.525874032490236,16.319362746561808,2.054596348370489,2.030561405484918
35220.0,16.64689828201555,16.437029170479857,2.057921800156839,2.0343156911652414
35280.0,16.76827952856756,16.5551592726126,2.0612234791498723,2.038050728976449
35340.0,16.890011810803404,16.673744835307776,2.064501545977393,2.0417669105902974
35400.0,17.012089088860517,16.79278619627712,2.0677561598153646,2.0454635086163826
35460.0,17.134505245332427,16.912276151003585,2.0709874783954585,2.0491408028202445
35520.0,17.257254086263135,17.032214699487163,2.074195658012568,2.052798457483236
35580.0,17.380329342158852,17.152593173793278,2.077380853532195,2.056436248792925
35640.0,17.503724669015735,17.27341157392193,2.080543218397725,2.06005423270242
35700.0,17.627433649362874,17.394662695356065,2.083682904637614,2.0636525211179366
35760.0,17.751449793320845,17.516342260413687,2.086800062872522,2.0672306104615035
35820.0,17.87576653967605,17.63844644169511,2.0898948423223818,2.070788556686229
35880.0,18.00037725696752,17.76097276264759,2.092967390813388,2.074326247885897
35940.0,18.12527524459021,17.883911767342507,2.096017854784996,2.0778435162011837
36000.0,18.250453733908778,18.00726368092101,2.099046379296813,2.0813404735383054
36060.0,18.375905889386416,18.131017696607525,2.102053108035539,2.0848166163192907
36120.0,18.50162480972469,18.25517358926089,2.105038183321825,2.0882723921690025
36180.0,18.627603529015555,18.379721677811318,2.108001746117161,2.0917071856032545
36240.0,18.75383501790498,18.504661511976494,2.1109439360307465,2.095121332340694
36300.0,18.880312184765863,18.62998386096894,2.1138648913263376,2.098514664521997
36360.0,19.007027876884383,18.75568444710666,2.1167647489291745,2.101886566662977
36420.0,19.133974881651937,18.881755615590283,2.119643644432803,2.1052375423416043
36480.0,19.26114592776872,19.008192638455494,2.1225017121060232,2.108567479651664
36540.0,19.388533686456263,19.13498943689103,2.125339084899814,2.11187626668694
36600.0,19.51613077267627,19.262139256662152,2.1281558944542622,2.115163623681893
36660.0,19.643929746358417,19.389635343534128,2.1309522711055653,2.118429494683415
36720.0,19.77192311363548,19.5174704929899,2.1337283438930377,2.1216741594570454
36780.0,19.9001033280834,19.645640652488627,2.1364842405661486,2.124897114424813
36840.0,20.02846279196958,19.774136816383994,2.139220087591633,2.1280987512584733
36900.0,20.15699385750482,19.902951329876633,2.141936010160589,2.131278622333163
36960.0,20.285688828101527,20.03207923986107,2.1446321321956754,2.1344368955082054
37020.0,20.414539959635707,20.161511990973302,2.1473085763583075,2.1375736826898173
37080.0,20.543539461714488,20.291237425590804,2.14996546405594,2.1406882564875955
37140.0,20.67267949894457,20.42125509343126,2.152602915449339,2.1437812883388347
37200.0,20.80195219220642,20.551555538566042,2.155221049459979,2.1468524984779953
37260.0,20.931349619930756,20.682126603372616,2.1578199837774448,2.149901663092646
37320.0,21.06086381937451,20.812963785027833,2.160399834866843,2.1529289500421105
37380.0,21.19048678790205,20.944058528167684,2.162960717976373,2.1559343033732805
37440.0,21.32021048426564,21.07540227742817,2.165502747144849,2.1589174992737252
37500.0,21.45002682988769,21.206982875186775,2.168026035209325,2.161878649649659
37560.0,21.579927710140836,21.33879671918496,2.1705306938127222,2.1648179783135153
37620.0,21.709904975633098,21.470832102082518,2.173016833411614,2.1677351495466457
37680.0,21.839950443487147,21.603079117668504,2.175484563283904,2.170630051442834
37740.0,21.97005589862105,21.735529660861232,2.1779339915366847,2.173502739955189
37800.0,22.100213095028845,21.868175176296702,2.180365225114105,2.176353382943034
37860.0,22.23041375705665,22.001004406917016,2.182778369805244,2.1791816446877217
37920.0,22.3606495806794,22.134010598487443,2.185173530252107,2.181987860907899
37980.0,22.490912234773457,22.267177991126925,2.1875508099576058,2.184771863744243
38040.0,22.62119336238626,22.40050073116536,2.1899103112936005,2.1875333734312137
38100.0,22.751484582004203,22.533968011827163,2.192252135509027,2.1902728375936746
38160.0,22.88177748881557,22.667569926901393,2.1945763827379983,2.1929899205129777
38220.0,23.012063655969936,22.801294769047836,2.196883152007994,2.1956847900484475
38280.0,23.14233463583345,22.935132181773227,2.199172541248086,2.1983573902469757
38340.0,23.272581961240668,23.069068656608096,2.201444647297195,2.2010074413430227
38400.0,23.402797146738088,23.203097889600024,2.2036995659123524,2.203635335008344
38460.0,23.5329716898276,23.337205471714896,2.2059373917770926,2.206240847430508
38520.0,23.66309707219932,23.471384198435665,2.208158218509743,2.2088240905157304
38580.0,23.79316476096228,23.6056160584697,2.210362138671872,2.2113848404515797
38640.0,23.923166209867667,23.73989204617068,2.212549243776696,2.213923544862919
38700.0,24.053092860525776,23.8742004541984,2.2147196242975298,2.2164395882655614
38760.0,24.18293614361692,24.008532276906543,2.216873369676277,2.218933362331262
38820.0,24.312687480094016,24.142871304131738,2.219010568331914,2.2214049230131296
38880.0,24.4423382823812,24.277210331356933,2.221131307669064,2.223854326264271
38940.0,24.57187995556189,24.411529546160235,2.223235674086494,2.226281236366039
39000.0,24.70130389856069,24.54582354515385,2.225323752985713,2.2286859890370816
39060.0,24.830601505319105,24.68007521760978,2.22739562877957,2.2310684164180743
39120.0,24.95976416595976,24.814273756752442,2.229451384900821,2.23342846255591
39180.0,25.088783267946827,24.948407455241636,2.2314911038107885,2.235766407216128
39240.0,25.21765019723467,25.082459202349348,2.2335148670079485,2.2380818587269724
39300.0,25.34635633941016,25.216420892993902,2.2355227550366097,2.2403754885257383
39360.0,25.474893080825485,25.35027721757656,2.2375148474955244,2.242646569222024
39420.0,25.60325180972269,25.48401736932174,2.2394912230465707,2.2448957722531224
39480.0,25.731423917347907,25.61762153580755,2.2414519594233764,2.247122538087956
39540.0,25.859400799059983,25.751083413081563,2.243397133440036,2.249327426257603
39600.0,25.987173855424988,25.884384989851156,2.245326820999699,2.2515102689027406
39660.0,26.114734493306965,26.017513658211477,2.2472410971033043,2.253670954117152
39720.0,26.24207412694309,26.150460412516217,2.2491400358581606,2.2558094819008376
39780.0,26.369184179016717,26.283203639214214,2.25102371048669,2.257926076066229
39840.0,26.496056081712528,26.415734332659156,2.252892193334976,2.260020848519542
39900.0,26.62268127777049,26.548039884946196,2.254745555881502,2.262093631401453
39960.0,26.74905122152192,26.680104085911964,2.256583868745688,2.2641443687588536
40020.0,26.875157379922857,26.811913427086992,2.25840720169659,2.2661735641697156
40080.0,27.00099123357236,26.943454400001805,2.2602156236614457,2.2681809378684994
40140.0,27.126544277723426,27.074714396751553,2.2620092027343013,2.270166266042773
40200.0,27.251808023283463,27.205676306608247,2.263788006184572,2.2721299963173998
40260.0,27.376773997803724,27.336328422231666,2.2655521004655985,2.274072240598595
40320.0,27.501433746460396,27.46665633458771,2.267301551223204,2.2759925512614965
40380.0,27.625778833023425,27.596648336336166,2.2690364233041813,2.2778917116496142
40440.0,27.749800840817063,27.72628551561977,2.2707567807648257,2.279769162231869
40500.0,27.873491373669733,27.855558866792208,2.272462686879384,2.2816250149144777
40560.0,27.99684205685198,27.984453080254745,2.2741542041485,2.2834600530409492
40620.0,28.11984453800653,28.112954647537904,2.275831394307656,2.2852733813615584
40680.0,28.242490488067688,28.241047358478312,2.277494318335568,2.287065223688737
40740.0,28.364771602168897,28.368719505735765,2.279143036462527,2.2888362514597786
40800.0,28.48667960054116,28.495959381970046,2.2807776081787536,2.290586017049821
40860.0,28.608206229402477,28.62275167758243,2.2823980922427234,2.2923148561775113
40920.0,28.729343261834018,28.7490792818449,2.284004546689395,2.2940225450304177
40980.0,28.850082498649147,28.874936791369674,2.285597028838495,2.2957094193271876
41040.0,28.970415769250888,29.000304393734858,2.287175595302702,2.2973754790678216
41100.0,29.09033493247848,29.125170381600242,2.2887403019958152,2.299020668299211
41160.0,29.209831877444664,29.24952664988414,2.290291204140893,2.300645266786896
41220.0,29.32889852436489,29.37335068447076,2.29182835627838,2.302249274530876
41280.0,29.447526825371657,29.496636181407684,2.293351812274101,2.3038326915311513
41340.0,29.565708765322743,29.61937233391933,2.294861625327333,2.305395909459477
41400.0,29.68343636259848,29.741539329583805,2.296357847978773,2.3069387604565295
41460.0,29.80070166988913,29.863130864448685,2.2978405321184696,2.308460908803662
41520.0,29.91749677497092,29.9841334300445,2.299309728993708,2.3099632497505995
41580.0,30.03381380147375,30.104534418466407,2.3007654892168823,2.3114454475786954
41640.0,30.149644909640607,30.224319420680295,2.302207862773316,2.3129078380065975
41700.0,30.26498229707258,30.34348033160449,2.303636899028977,2.314350365081197
41760.0,30.379818199468453,30.462003642769503,2.305052646738249,2.315772916896279
41820.0,30.494144891353304,30.579876746270507,2.3064551540515885,2.317175773217382
41880.0,30.607954686796624,30.697092437590438,2.3078444685231365,2.318559269763154
41940.0,30.721239940122025,30.813634506565933,2.309220637118326,2.3199231827211637
42000.0,30.833993046607727,30.929499350938464,2.310583706221405,2.3212679597162733
42060.0,30.946206443175704,31.044667158286135,2.3119337216429066,2.322593153123621
42120.0,31.057872609074625,31.159137928608946,2.3132707286271192,2.3238996581929316
42180.0,31.168984066549932,31.272886446097214,2.3145947718594293,2.3251864677682637
42240.0,31.27953338150753,31.38591811413873,2.315905895473697,2.3264548128179916
42300.0,31.38951316416756,31.49821672257012,2.317204143059531,2.3277044695296825
42360.0,31.49891606970806,31.609769663486542,2.3184895576695124,2.328935214090906
42420.0,31.607734798901053,31.720567931241685,2.3197621818263947,2.3301477179389556
42480.0,31.715962098739173,31.83060792357702,2.3210220575302363,2.331341533448969
42540.0,31.82359076305228,31.93987343032918,2.322269226265462,2.3325167725271623
42600.0,31.93061363311784,32.048366252627424,2.323503729007928,2.3336738827983976
42660.0,32.03702359825991,32.15607018030839,2.32472560623186,2.33481353569997
42720.0,32.14281359644219,32.26297620772575,2.3259348979168197,2.3359345002635066
42780.0,32.24797661484788,32.3690753292332,2.327131643554503,2.3370378955511644
42840.0,32.35250569045751,32.47436574370147,2.3283158821556498,2.3381239453753753
42900.0,32.4563939106133,32.57883484322572,2.32948765225674,2.3391919782988446
42960.0,32.559634413575324,32.68247542328889,2.330646991926701,2.340242441946435
43020.0,32.66222038907419,32.785287483891,2.33179393877362,2.341276567286521
43080.0,32.76414507884846,32.88725121261014,2.332928529951265,2.3422925638196492
43140.0,32.865401777179706,32.988373813963356,2.334050802165688,2.343291886326625
43200.0,32.96598383141615,33.088637276658034,2.335160791681683,2.34427397527637
43260.0,33.06588464248904,33.18804160069416,2.3362585343292257,2.3452395021061787
43320.0,33.16509766542356,33.28658318381321,2.3373440655098823,2.346188354909835
43380.0,33.26361640983576,33.384247616981085,2.338417420203056,2.347121093218418
43440.0,33.361434440429086,33.48103670132704,2.339478632972347,2.348036821782201
43500.0,33.45854537747673,33.576941431204766,2.340527737971688,2.3489366596633428
43560.0,33.554942897300315,33.67195820435573,2.341564768951541,2.3498202711431952
43620.0,33.65062073273972,33.76608341852141,2.3425897592649934,2.3506883276590536
43680.0,33.74557267361419,33.85930806805549,2.3436027418737724,2.3515401577736226
43740.0,33.83979256717723,33.951630351828705,2.344603749354259,2.3523764329241974
43800.0,33.93327431856481,34.04305026984106,2.345592813903425,2.3531972650169934
43860.0,34.02601189123134,34.133558816446225,2.346569967344643,2.3540024302395794
43920.0,34.117999307386825,34.223154190514954,2.347535241133619,2.354792488123034
43980.0,34.20923064841712,34.31182738640092,2.348488666364023,2.3555676624797894
44040.0,34.29970005530436,34.39958740975045,2.3494302737732955,2.3563280652160605
44100.0,34.389401729036166,34.48641805040016,2.3503600937482374,2.357073248706985
44160.0,34.47832993100919,34.57232110947932,2.351278156330623,2.3578035486712094
44220.0,34.56647898342316,34.65729658698794,2.352184491222713,2.3585194127335978
44280.0,34.65384326967375,34.74134088066748,2.353079127792787,2.3592211766127966
44340.0,34.740417234729925,34.82445399051794,2.353962095080479,2.3599086164963747
44400.0,34.82619538551265,34.90662150750522,2.35483342180223,2.360581508571901
44460.0,34.911172291259795,34.987852437275635,2.355693136356522,2.3612408599953167
44520.0,34.99534258388941,35.06814677982919,2.3565412668291885,2.3618864469541907
44580.0,35.07870095835205,35.14749733064882,2.357377840998562,2.3625184932609544
44640.0,35.161242172979215,35.2259058908638,2.358202886340647,2.363136551290745
44700.0,35.24296104982356,35.303367057086334,2.3590164300341847,2.363741404387073
44760.0,35.323852474992805,35.37988263044569,2.359818498965684,2.3643329406437217
44820.0,35.40391139897609,35.455450809812596,2.360609119734381,2.3649113838731237
44880.0,35.48313283696499,35.53006799292854,2.3613883186571654,2.365476510262847
44940.0,35.56151186916792,35.60374318543982,2.362156121773443,2.3660291031564022
45000.0,35.639043641114625,35.676467381700135,2.3629125548498915,2.3665689387413575
45060.0,35.71572336395964,35.74823878058021,2.363657643385274,2.3670962408301452
45120.0,35.7915463147743,35.81906278546785,2.3643914126150647,2.3676108975165486
45180.0,35.866507836835126,35.88893579410451,2.3651138875161246,2.3681136921440786
45240.0,35.94060333990402,35.95785420423168,2.365825092811247,2.3686038413692247
45300.0,36.013828300502965,36.02583242488345,2.366525052973698,2.369082352347929
45360.0,36.08617826218291,36.092856047025734,2.367213792231682,2.369548553642897
45420.0,36.15764883578301,36.15893227517556,2.3678913345727195,2.3700032285976387
45480.0,36.228235699688,36.22406110933295,2.3685577037480443,2.37044648911837
45540.0,36.29793460007494,36.288237146110106,2.369212923276866,2.3708777756740123
45600.0,36.36674135115727,36.351467590024086,2.36985701645064,2.371297871608076
45660.0,36.43465183542049,36.413754242204135,2.3704900063372403,2.371706776920561
45720.0,36.50166200384994,36.47509350039175,2.371111915785072,2.372104603517683
45780.0,36.56776787615652,36.53549076797471,2.371722767427193,2.372491351399442
45840.0,36.63296554099249,36.59493884043596,2.372322583685301,2.3728674681907016
45900.0,36.69725115616183,36.65344312116329,2.3729113867736986,2.373232618172814
45960.0,36.76062094882604,36.711010814673756,2.373489198703235,2.373586801345779
46020.0,36.823071215700224,36.767641920967364,2.3740560412851197,2.3739314724904026
46080.0,36.884598323247246,36.82332743439778,2.374611936134768,2.374264841107231
46140.0,36.94519870786158,36.8780781617406,2.3751569046755194,2.3745883619770707
46200.0,37.00486887604938,36.93189410299581,2.375690968142336,2.374901923193706
46260.0,37.06360540460248,36.984777059292696,2.3762141475854577,2.3752050771322724
46320.0,37.12140494076269,37.03672342837271,2.376726463873942,2.3754986071362807
46380.0,37.17826420238696,37.08774221588217,2.3772279376992755,2.3757822893933005
46440.0,37.23417997809637,37.137833421821085,2.377718589578739,2.3760562358095463
46500.0,37.28914912742979,37.18699164280166,2.378198439858943,2.376320558291235
46560.0,37.343168580982415,37.23522588447021,2.378667508719107,2.3765753687445814
46620.0,37.39623534054244,37.28253794795601,2.379125816174417,2.376821114794449
46680.0,37.44834647922205,37.32893143551757,2.379573382079292,2.3770575726284067
46740.0,37.49949914157944,37.37439914263784,2.380010226130556,2.37728485415267
46800.0,37.5496905437378,37.41895187609241,2.3804363678706326,2.3775030712734537
46860.0,37.59891797349391,37.46258963588127,2.380851826690596,2.3777125597094066
46920.0,37.64717879042524,37.50531242200443,2.381256621833268,2.377913095648097
46980.0,37.69447042598848,37.547122035591144,2.381650772396189,2.378105126714387
47040.0,37.74079038361282,37.58802027777067,2.3820342973345645,2.378288205283414
47100.0,37.78613623878239,37.62801255193081,2.382407215464102,2.378462778980041
47160.0,37.8305056391231,37.66710065920083,2.382769545463965,2.378629183522916
47220.0,37.87389630447031,37.705280997322184,2.3831213058794103,2.378786971287176
47280.0,37.91630602694125,37.74256077081194,2.383462515124637,2.3789368137101143
47340.0,37.95773267099416,37.77894178079936,2.383793191485382,2.3790782631668685
47400.0,37.99817417348508,37.814425828413704,2.384113353121595,2.3792117672823023
47460.0,38.037628543716025,37.849011112525716,2.3844230180699744,2.379337549868847
47520.0,38.07609386347903,37.882703036523175,2.384722204246516,2.3794549394892073
47580.0,38.113568287093706,37.915508804923135,2.3850109294489727,2.3795650552055414
47640.0,38.15005004143554,37.94742481546708,2.385289211359241,2.3796667779556913
47700.0,38.18553742596392,37.97844386363795,2.385557067545782,2.3797613387080316
47760.0,38.220028812736736,38.00858396072837,2.385814515465863,2.379848177931482
47820.0,38.25352264642581,38.0378379022213,2.386061572467888,2.379927519438475
47880.0,38.28601744432051,38.066212892633786,2.386298255793541,2.3799996989476573
47940.0,38.31751179632856,38.093705329707305,2.386524582579995,2.3800643807403823
48000.0,38.34800436497013,38.1203224179589,2.386740569861995,2.3801214529104335
48060.0,38.377493885363656,38.14606595851785,2.386946234573896,2.3801718107075374
48120.0,38.40597916520799,38.17093054799636,2.3871415935516955,2.380215118413047
48180.0,38.43345908475753,38.19492699317,2.387326663534973,2.380250704589667
48240.0,38.45993259678899,38.21804989065099,2.38750146116877,2.3802798002057717
48300.0,38.48539872656844,38.240306444956374,2.3876660030055072,2.3803020695427133
48360.0,38.50985657180043,38.261700258344696,2.387820305506652,2.380316953069413
48420.0,38.53330530258673,38.282225927428144,2.3879643850446546,2.3803254579418125
48480.0,38.555744161361474,38.30189245785305,2.388098257904433,2.3803269127226176
48540.0,38.57717246283607,38.32069084397309,2.388221940285218,2.380321653130476
48600.0,38.59758959392484,38.338631892563846,2.388335448301985,2.38031012679025
48660.0,38.61699501367588,38.35571560362532,2.3884387979871406,2.380291550358429
48720.0,38.63538825318452,38.37194017602825,2.38853200529189,2.3802664833660927
48780.0,38.65276891550978,38.38731461541894,2.388615086087782,2.380234925813241
48840.0,38.669136675580525,38.401831717280345,2.388688056168064,2.3801967657936576
48900.0,38.68449128009413,38.415502288388055,2.388750931249009,2.38015233902599
48960.0,38.69883254741217,38.428319124225,2.38880372697125,2.3801018693226705
49020.0,38.712160367448014,38.44028762817898,2.3888464589010026,2.3800447971526193
49080.0,38.724474701549205,38.45140239686219,2.3888791425312736,2.3799810106096206
49140.0,38.73577558237129,38.46167964043803,2.388901793282981,2.379911516849617
49200.0,38.74606311375039,38.47110675100163,2.3889144265061044,2.3798357563415298
49260.0,38.755337470561926,38.479690933070046,2.38891705748065,2.3797533933667108
49320.0,38.763598898583446,38.487433987772555,2.3889097014177616,2.379664987456239
49380.0,38.77084771433947,38.49433231285062,2.3888923734605405,2.3795707624225466
49440.0,38.777084304950925,38.50039491395056,2.38886508868506,2.379470046828338
49500.0,38.782309127972646,38.50561278542605,2.388827862101157,2.379363288298478
49560.0,38.78652271122318,38.50999313179416,2.388780708653217,2.3792505987391808
49620.0,38.78972565261603,38.513535953054884,2.388723643221001,2.379131754338015
49680.0,38.79191861997502,38.51624305033747,2.38865668062026,2.3790068670011966
49740.0,38.79310235085185,38.51811442364194,2.388579835603464,2.3788763843535894
49800.0,38.79327765233237,38.519151874097545,2.388493122860363,2.3787395230516823
49860.0,38.79244540083992,38.51935540170429,2.388396557018578,2.3785965069079067
49920.0,38.790606541929165,38.518723205332904,2.388290152644068,2.3784481192657734
49980.0,38.78776209007855,38.51725528498339,2.388173924241653,2.37829335296934
50040.0,38.78391312847187,38.51496064630207,2.388047886255362,2.378132767549686
50100.0,38.77906080877802,38.511837488159685,2.3879120530688525,2.3779661391943794
50160.0,38.77320635092236,38.50787500378064,2.387766439005701,2.377793691715852
50220.0,38.766351042849365,38.503083999940515,2.387611058329637,2.3776154251141035
50280.0,38.7584962402885,38.49746807889785,2.3874459252448688,2.3774308917642717
50340.0,38.74964336650289,38.491020036135595,2.387271053896134,2.3772406511974338
50400.0,38.73979391203933,38.48373807052447,2.387086458368899,2.3770442557887277
50460.0,38.72894943447111,38.47563118771079,2.386892152689432,2.3768421531630173
50520.0,38.71711155813311,38.46669758656531,2.3866881508247992,2.3766342314140854
50580.0,38.70428197385194,38.45693186370023,2.386474466682868,2.3764201548232853
50640.0,38.69046243867184,38.44633762137407,2.3862511141122567,2.3762001472030483
50700.0,38.67565477557101,38.43492026297463,2.3860181069021733,2.375973984740943
50760.0,38.65986087317809,38.422667180597074,2.385775458782334,2.375741891249401
50820.0,38.64308268547539,38.40959098214623,2.385523183422659,2.37550420244707
50880.0,38.62532223150197,38.3956862642343,2.3852612944330867,2.375260246896655
50940.0,38.60658159505177,38.380953026861306,2.38498980536328,2.3750103603168027
51000.0,38.58686292435837,38.365387667768715,2.3847087297021883,2.3747540950826513
51060.0,38.5661684317843,38.349000993732105,2.384418080877765,2.3744925702563577
51120.0,38.54450039349701,38.331785800234414,2.3841178722564447,2.3742244429633326
51180.0,38.52186114914303,38.31373668388787,2.3838081171426797,2.3739499370160075
51240.0,38.49825310151547,38.29486265033877,2.3834888287784035,2.3736697238516773
51300.0,38.47367871621545,38.2751655007164,2.3831600203424377,2.373383355845479
51360.0,38.44814052131058,38.254625422598835,2.382821704949885,2.373090273466333
51420.0,38.42164110698317,38.23326763179578,2.382473895651396,2.3727915957763983
51480.0,38.39418312517871,38.211074117014604,2.382116605432515,2.372486651338379
51540.0,38.36576928924509,38.18805568503089,2.3817498472128578,2.372175104433629
51600.0,38.336402373567154,38.16420513132756,2.3813736338453007,2.3718572907807944
51660.0,38.306085213198,38.13952245590464,2.3809879781151446,2.3715334341923073
51720.0,38.27482070348027,38.11400765876212,2.3805928927391413,2.3712026394184416
51780.0,38.2426117996704,38.0876607399,2.380188390364633,2.3708661374275706
51840.0,38.2094615165471,38.060485301576804,2.3797744835684256,2.370522585345105
51900.0,38.17537292802494,38.03247774153401,2.379351184855848,2.3701726546083397
51960.0,38.14034916675389,38.00363445751309,2.3789185066595606,2.3698164571234903
52020.0,38.104393423723074,37.97395544951405,2.3784764613385065,2.3694532095470464
52080.0,38.06750894785018,37.943444319795404,2.378025061176623,2.3690836952225185
52140.0,38.02969904557132,37.91209566496937,2.377564318381656,2.368707130806396
52200.0,37.99096708042693,37.87992209294079,2.3770942450838883,2.368324075829758
52260.0,37.951316472637686,37.84690379128777,2.376614853334753,2.3679343064801723
52320.0,37.91075069868166,37.813049765656615,2.376126155105525,2.367537710851424
52380.0,37.869273290861805,37.778360016047344,2.375628162285828,2.367134065131081
52440.0,37.82688783687052,37.74283094020142,2.3751208866822027,2.3667234812253595
52500.0,37.78359797935194,37.70646614037737,2.374604340016599,2.3663062948529063
52560.0,37.73940741545337,37.669262014316665,2.3740785339247514,2.3658816107639953
52620.0,37.694319896379966,37.63121856201931,2.3735434799546518,2.3654498765834897
52680.0,37.64833922693955,37.59233398235604,2.372999189564827,2.365011428030037
52740.0,37.60146926508316,37.55261007645612,2.3724456741226434,2.364565146041479
52800.0,37.55371392144465,37.51204504319028,2.371882944902592,2.364111925867543
52860.0,37.50507715887258,37.47064068368779,2.371311013084441,2.363651543695796
52920.0,37.455562991958224,37.42838799230233,2.370729889751416,2.363183104276512
52980.0,37.40517548656262,37.38529597468022,2.370139585888321,2.362707838578066
53040.0,37.35391875933347,37.341359227433664,2.369540112379546,2.362224403725867
53100.0,37.30179697722466,37.296579551691934,2.368931480007155,2.361733694969642
53160.0,37.24881435700511,37.25096054971355,2.368313699448768,2.3612358242156066
53220.0,37.19497516477063,37.20449141472294,2.36768678127557,2.3607293366829554
53280.0,37.140283715443736,37.157177550107875,2.3670507359500834,2.3602154633400625
53340.0,37.08474437227814,37.10902075699764,2.366405573824089,2.359693980374496
53400.0,37.02836154635183,37.060012029745906,2.3657513051363197,2.3591641044427454
53460.0,36.97113969606147,37.010162175128265,2.3650879400102416,2.358625947451027
53520.0,36.91308332661195,36.95946218749839,2.364415488451725,2.358080404649066
53580.0,36.85419698949843,36.907921072502596,2.363733960346635,2.3575264688809217
53640.0,36.794485281992976,36.85552982449457,2.363043365458496,2.3569641401465926
53700.0,36.73395284661802,36.80228844347431,2.362343713425933,2.356393642258512
53760.0,36.67260437062343,36.748205935088144,2.361635013760234,2.355814751404247
53820.0,36.61044458545751,36.69327329368974,2.360917275842754,2.355227355677582
53880.0,36.5474782662368,36.63748871814985,2.3601905089223383,2.354631343172301
53940.0,36.48371023120553,36.58086481637329,2.359454722112573,2.354026825794621
54000.0,36.41914534120352,36.52338357706746,2.3587099243892227,2.353413579732109
54060.0,36.35378849912043,36.465066613783506,2.357956124587338,2.3527914930785507
54120.0,36.28764464935231,36.40589591522879,2.357193331398525,2.3521607896463763
54180.0,36.22071877725531,36.34588228817889,2.35642155336808,2.3515207979982913
54240.0,36.15301590859196,36.28502032924603,2.3556407988920425,2.350871853852944
54300.0,36.08454110898069,36.22331183955946,2.3548510762143,2.3502139572103333
54360.0,36.015299483338815,36.160762222506975,2.3540523934235438,2.349546996164244
54420.0,35.94529617532182,36.097362472442256,2.3532447584502,2.348870523089813
54480.0,35.8745363667654,36.033123396140894,2.352428179063385,2.3481847617994713
54540.0,35.80302527711735,35.968039590215085,2.351602662867656,2.3474898241994353
54600.0,35.7307681628742,35.9021128557941,2.3507682172998914,2.3467851507586257
54660.0,35.65777031700874,35.83534139174867,2.3499248496259453,2.346070741477043
54720.0,35.58403706840257,35.767737805983636,2.3490725669374246,2.3453471558857655
54780.0,35.50957378126852,35.69929309285269,2.3482113761482317,2.344613722547499
54840.0,35.43438585457674,35.63000365009731,2.3473412839912084,2.3438701057435956
54900.0,35.358478721476814,35.559883886751585,2.346462297014658,2.343116641192703
54960.0,35.281857848715866,35.488930200557,2.3455744215787835,2.342353552707253
55020.0,35.20452873605718,35.41713898925502,2.3446776638521496,2.341579833131303
55080.0,35.12649691569655,35.34451745736271,2.3437720298080413,2.3407963777145797
55140.0,35.04776795167634,35.271069207138595,2.342857525220773,2.34000273883222
55200.0,34.96834743929517,35.19678523293635,2.34193415566193,2.3391986926717916
55260.0,34.888241004521795,35.121679943790085,2.341001926496619,2.3383840154208637
55320.0,34.80745430340222,35.045747936312004,2.34006084287958,2.3375590427980835
55380.0,34.72599302146574,34.9690000172777,2.3391109097512754,2.336723774803451
55440.0,34.64386287313398,34.89142718104085,2.338152131833974,2.335877204281024
55500.0,34.56106960112074,34.81303843324776,2.33718451362765,2.3350197788556653
55560.0,34.477618975839675,34.73383917728624,2.33620805940601,2.3341526175895337
55620.0,34.39351679480181,34.65382581089774,2.335222773212253,2.3332735942645284
55680.0,34.3087688820185,34.57300553859934,2.3342286588549555,2.332384051755239
55740.0,34.22338108740041,34.49137836039102,2.3332257199037856,2.331483318624371
55800.0,34.137359286154656,34.40895148078984,2.3322139596851827,2.3305711710594927
55860.0,34.050709378183164,34.325721297537264,2.331193381278017,2.3296481685916834
55920.0,33.963437287479216,34.241704020796675,2.3301639875091444,2.3287139755022954
55980.0,33.875548961521424,34.156890644921745,2.329125780948889,2.327768367978897
56040.0,33.78705037067059,34.07128657330028,2.3280787639065395,2.3268111222090564
56100.0,33.69794750756247,33.9849044138371,2.327022938425692,2.325842573911422
56160.0,33.60824638650131,33.8977405642737,2.3259583062795883,2.3248623873673453
56220.0,33.517953042853634,33.80979862686859,2.32488486896638,2.3238702268581797
56280.0,33.427073532439344,33.72108940839736,2.323802627704295,2.322866428102572
56340.0,33.335613930924815,33.631612908860006,2.322711583426807,2.321850991100523
56400.0,33.243580333214474,33.541376332773574,2.3216117367776725,2.3208234682271685
56460.0,33.15097885284293,33.45037787900881,2.320503088105943,2.3197840832949406
56520.0,33.05781562136394,33.35863195659982,2.31938563746086,2.3187323886789764
56580.0,32.96409678774504,33.2661385655466,2.318259384586792,2.317668720097923
56640.0,32.86982851775548,33.17290310923694,2.317124328917941,2.316593189457996
56700.0,32.775016993359884,33.07893639444643,2.315980469573144,2.315505125321901
56760.0,32.67966841210883,32.98423842117505,2.314827805350486,2.314404975314501
56820.0,32.58378898652969,32.8888145928106,2.31366633472189,2.3132924037171487
56880.0,32.487384943519025,32.792672113870125,2.312496055827645,2.312166962904981
56940.0,32.39046252373522,32.69582179112922,2.311316966470842,2.3110291564559686
57000.0,32.29302798098987,32.598260022329356,2.3101290641117256,2.3098787046045723
57060.0,32.19508758164184,32.50000661989242,2.308932345862012,2.3087160549756556
57120.0,32.09664760399037,32.401059782689146,2.3077268084790936,2.3075405361319232
57180.0,31.997714337669947,32.30142491410733,2.30651244836018,2.306352371885807
57240.0,31.89829408304276,32.20111101979328,2.3052892615363456,2.305150834846904
57300.0,31.798393150597672,32.10012710539333,2.304057243666567,2.303936764311833
57360.0,31.69801786034463,31.998482176553775,2.3028163900315723,2.3027099364681622
57420.0,31.59717454121248,31.89617623327463,2.3015666955276983,2.3014697917848133
57480.0,31.49586953044657,31.79322548571926,2.300308154660612,2.30021700169908
57540.0,31.394109173010364,31.689629933887662,2.299040761539022,2.2989507269143443
57600.0,31.29189982098233,31.58540578794321,2.297764509868174,2.2976715269616856
57660.0,31.1892478329606,31.48055484901516,2.2964793929434264,2.296379010169348
57720.0,31.086159573464887,31.37508612274983,2.295185403643612,2.295073176537332
57780.0,30.98264141233974,31.26900861479354,2.293882534424349,2.2937538582063137
57840.0,30.878699724160416,31.162333131921866,2.2925707773113,2.2924218385198034
57900.0,30.774340887641934,31.055063276393337,2.2912501238933167,2.291076166274967
57960.0,30.669571285043805,30.94721705950058,2.2899205653154264,2.289717121237344
58020.0,30.56439730158304,30.83878727672655,2.288582092271868,2.2883440879227486
58080.0,30.45882532484456,30.729799143880925,2.287234694998901,2.2869576818153656
58140.0,30.35286174419444,30.620258064351496,2.285878363267583,2.2855584064931675
58200.0,30.246512950195747,30.510167640396794,2.2845130863764465,2.2841449190815646
58260.0,30.139785334024253,30.399540479921654,2.2831388531440524,2.2827176672054197
58320.0,30.032685286888757,30.288385588572396,2.281755651901482,2.2812775461144597
58380.0,29.92521919945115,30.176717375383127,2.280363470484684,2.279822989121663
58440.0,29.81739346124773,30.064534939789212,2.27896229622672,2.278354835523648
58500.0,29.7092144601174,29.951861696471077,2.2775521159499967,2.276873588898386
58560.0,29.600688581625352,29.838694043170193,2.276132915958212,2.275377738511964
58620.0,29.491822208493065,29.72504999117919,2.2747046820283745,2.2738684034265395
58680.0,29.382621720031768,29.61093944670902,2.2732673994026293,2.2723452479234654
58740.0,29.27309349157264,29.49636961427673,2.2718210527799214,2.270808160096526
58800.0,29.163243893906404,29.381351300657904,2.2703656263076746,2.2692572518519367
58860.0,29.053079292718536,29.26590251714517,2.268901103573208,2.267692523189698
58920.0,28.94260604803357,29.150016059221485,2.2674274675951827,2.2661133586256224
58980.0,28.831830513655387,29.033724347213575,2.265944700814769,2.2645209331749765
59040.0,28.72075903661552,28.917021977733654,2.264452785086845,2.262913959916278
59100.0,28.60939795662162,28.799927862638988,2.262951701670964,2.261293669817901
59160.0,28.497753605507853,28.682448305881998,2.2614414312222224,2.2596589997707954
59220.0,28.38583230668956,28.564595915367526,2.2599219537820283,2.2580103414467163
59280.0,28.27364037462148,28.446379696741882,2.258393248768723,2.2563474710332327
59340.0,28.16118411425525,28.327811357345286,2.256855294968017,2.2546709480614227
59400.0,28.04846982050521,28.208902604517945,2.2553080705234057,2.2529801570470998
59460.0,27.935503777710583,28.089666046164698,2.253751552926288,2.251275377755804
59520.0,27.822292259108043,27.97010708567334,2.2521857190061363,2.2495566101875344
59580.0,27.708841526300183,27.8502437343365,2.2506105449203115,2.247823798389184
59640.0,27.59515782873288,27.730081395541973,2.2490260061439216,2.2460767745014283
59700.0,27.48124740317157,27.60963267719459,2.247432077459389,2.2443156504304835
59760.0,27.367116473183764,27.48890838606994,2.245828732945962,2.2425407059418894
59820.0,27.252771248623528,27.36792383176676,2.2442159459690214,2.24075154936389
59880.0,27.13821792511789,27.246681715978937,2.242593689169211,2.238948572368241
59940.0,27.02346268356108,27.125200950563745,2.240961934451505,2.2371312713769713
60000.0,26.908511689604364,27.00348423721507,2.239320652973932,2.2353000940149443
60060.0,26.793371093159585,26.881549587225546,2.237669815136383,2.2334545367041883
60120.0,26.678047027895595,26.75940600624149,2.236009390568958,2.2315949911164594
60180.0,26.562545610746927,26.637062499909224,2.234339348120413,2.229721792970404
60240.0,26.4468729414202,26.514533477262844,2.2326596558462133,2.227834326781836
60300.0,26.3310351019064,26.39182524225478,2.230970280996533,2.2259330961287263
60360.0,26.21503815599843,26.2689513033545,2.2292711900040536,2.22401742957378
60420.0,26.0988881488077,26.145920666208315,2.227562348471479,2.2220881664136156
60480.0,25.98259110628957,26.022747739850345,2.225843721159009,2.2201445792578305
60540.0,25.866153034768733,25.899437027103737,2.2241152719714776,2.218187283590612
60600.0,25.749579920471344,25.77600383756723,2.222376963945391,2.2162158317870957
60660.0,25.632877729057373,25.652458978016405,2.2206287592356704,2.21423055956593
60720.0,25.516052405160902,25.528810553532946,2.218870619102286,2.2122315228802227
60780.0,25.39910987193062,25.405066669198536,2.217102503896572,2.2102183860113263
60840.0,25.282056030577596,25.28124353517655,2.215324373047427,2.208191316818564
60900.0,25.164896759922836,25.15734835598403,2.2135361850471686,2.2061504831612604
60960.0,25.04763791595465,25.033389236702668,2.211737897437322,2.204095829086307
61020.0,24.93028533138275,24.90938058636657,2.209929466793972,2.202027298640596
61080.0,24.81284481520334,24.78532690779889,2.2081108487130874,2.1999448918241273
61140.0,24.695322152263323,24.661241709469106,2.206281997795433,2.1978488324493326
61200.0,24.577723102830387,24.53713489758816,2.204442867631321,2.1957390086099964
61260.0,24.46005340216871,24.413014577237746,2.2025934107851106,2.1936154203061182
61320.0,24.342318760115848,24.2888906546288,2.200733578779378,2.191478179443914
61380.0,24.22452486066533,24.16477393653691,2.198863322078889,2.189327453882708
61440.0,24.10667736155316,24.040671627479124,2.1969825900742697,2.18716268409142
61500.0,23.988781893849584,23.91659363366639,2.1950913310654143,2.1849843176949144
61560.0,23.870844061552813,23.792551662438925,2.1931894922445685,2.182792578505622
61620.0,23.752869441188025,23.668549316055245,2.191277019679157,2.1805873546173276
61680.0,23.634863581413224,23.544601904114096,2.189353858294343,2.178368422217599
61740.0,23.516832002623374,23.420713028873998,2.1874199518551487,2.176136005118868
61800.0,23.398780196564047,23.29689349711054,2.1854752429484416,2.173890159274243
61860.0,23.28071362594909,23.173152314470023,2.183519672964492,2.1716307727775073
61920.0,23.1626377240774,23.049499387163408,2.181553182078156,2.1693581253942016
61980.0,23.04455789446147,22.925938317449212,2.179575709229893,2.1670722171243244
62040.0,22.92647951045392,22.80248261379692,2.177587192106234,2.164772992014769
62100.0,22.80840791488172,22.67913722931199,2.1755875671200537,2.162460002440672
62160.0,22.690348419684447,22.555910269076122,2.1735767693904,2.160134255557975
62220.0,22.5723063055544,22.432811639300255,2.171554732721947,2.1577950799293832
62280.0,22.454286821585544,22.309847643936813,2.1695213895841534,2.155442867226653
62340.0,22.336295184921838,22.187025037220536,2.167476671089888,2.15307716982492
62400.0,22.21833658041284,22.064355526491624,2.1654205069737875,2.1506987710676952
62460.0,22.1004161602742,21.941840912879353,2.163352825570146,2.1483072792832236
62520.0,21.98253904374932,21.819492003159294,2.161273553790348,2.145902526612181
62580.0,21.8647103167787,21.69731420071924,2.1591826170999515,2.143485072585647
62640.0,21.74693503167128,21.57531696148782,2.157079939495245,2.1410545814849735
62700.0,21.629218206781683,21.453505238570514,2.1549654434794085,2.1386112211694845
62760.0,21.511564826189787,21.33188848789595,2.152839050038155,2.136155103545396
62820.0,21.393979839387715,21.21046806031107,2.1507006786149625,2.133686228612708
62880.0,21.27646816096779,21.08925566315609,2.148550247085716,2.1312044844652043
62940.0,21.159034670316156,20.968255799254173,2.146387671732916,2.1287099830091005
63000.0,21.04168421131081,20.847473421710784,2.144212867219348,2.1262030599630446
63060.0,20.924421592024267,20.726919337301506,2.142025746561212,2.1236834915146052
63120.0,20.807251584429054,20.606594896873286,2.1398262211006807,2.1211516133824286
63180.0,20.69017892410857,20.486508655790125,2.137614200477931,2.1186069779416528
63240.0,20.57320830997169,20.36666646772213,2.1353895926025643,2.1160501447233564
63300.0,20.4563444039708,20.24707328577477,2.1331523036244304,2.113480889915107
63360.0,20.339591830825885,20.127734513335838,2.130902237903865,2.110899213516906
63420.0,20.22295517775019,20.008657354922388,2.12863929798124,2.1083053952942916
63480.0,20.106438994182504,19.889849465333786,2.126363384545924,2.10569982691902
63540.0,19.99004779152028,19.771310394287717,2.124074396404495,2.1030818929069035
63600.0,19.87378604286066,19.65304869714818,2.121772230448372,2.10045192897659
63660.0,19.757658182741803,19.535068876738332,2.119456781620608,2.0978099351280797
63720.0,19.641668606890285,19.41737813757523,2.117127942882046,2.095156358986235
63780.0,19.525821671971404,19.29997783050582,2.114785605176679,2.092490752926194
63840.0,19.41012169534474,19.182874259482524,2.112429657396251,2.089813284807279
63900.0,19.29457295482021,19.066074178740074,2.1100599863440075,2.0871245141605694
63960.0,19.17917968842154,18.94958254138395,2.107676476697712,2.0844240493143107
64020.0,19.06394609415165,18.83339979769646,2.105279010971726,2.0817120021747177
64080.0,18.948876329761603,18.71753315219467,2.102867469478241,2.0789885965542223
64140.0,18.833974512522587,18.601989359113304,2.100441730287609,2.076254168171472
64200.0,18.71924471900324,18.486768418452368,2.09800166918775,2.07350810154228
64260.0,18.6046909848481,18.371878660434703,2.095547159642553,2.070751180010156
64320.0,18.49031730456164,18.257320760483786,2.093078072749341,2.0679832357157775
64380.0,18.376127631293016,18.143100797410874,2.0905942771952386,2.0652043246122522
64440.0,18.26212587662654,18.029223499180286,2.0880956392125523,2.062414614558903
64500.0,18.148315910373693,17.915689541215496,2.0855820225329995,2.0596141615088386
64560.0,18.034701560368188,17.802506353174717,2.083053288340823,2.0568032452275977
64620.0,17.921286612265433,17.689677312175313,2.080509295224754,2.0539818097620732
64680.0,17.80807480934268,17.57720421934655,2.07794989912873,2.0511498551122647
64740.0,17.69506985230336,17.46509135237043,2.075374953301386,2.0483076050906037
64800.0,17.582275399083997,17.35334479005821,2.0727843082442665,2.04545533946263
64860.0,17.469695064663295,17.241963406704105,2.0701778116586573,2.042593170134559
64920.0,17.357332420873533,17.130954631966326,2.0675553083910767,2.0397208173408514
64980.0,17.245190996214536,17.02032139267992,2.064916640377301,2.036838952518802
65040.0,17.133274275670008,16.910063125992004,2.062261646584948,2.0339472399497636
65100.0,17.02158570052608,16.800187824413673,2.059590162954488,2.0310462391648145
65160.0,16.910128668190627,16.690696726221297,2.056902022338664,2.0281358382577395
65220.0,16.798906532016037,16.58159298339109,2.054197054440317,2.0252164289002934
65280.0,16.687922601122025,16.472879072475788,2.051475085748433,2.022287731326937
65340.0,16.577180140221348,16.36456050943376,2.048735939472488,2.0193501931625337
65400.0,16.466682369446964,16.256636393700372,2.045979435474925,2.016403926313299
65460.0,16.35643246417869,16.149111903522257,2.043205390201709,2.0134490426854486
65520.0,16.246433554872247,16.041989177740415,2.040413616610957,2.010485933950738
65580.0,16.13668872688854,15.935271424616346,2.0376039240994923,2.0075144322498435
65640.0,16.027201020325148,15.828964722961313,2.0347761184273003,2.004535097113844
65700.0,15.917973429845793,15.72306552680208,2.031930001639717,2.0015477047303074
65760.0,15.809008904511357,15.61757873295883,2.029065371987398,1.9985525348647737
65820.0,15.700310347612763,15.512509294537038,2.026182023843899,1.9955499791889981
65880.0,15.591880616498624,15.407857492963153,2.02327974762068,1.9925401496091966
65940.0,15.483722522409064,15.303624791654697,2.0203583296797274,1.9895231580315844
66000.0,15.37583883030336,15.199815243152514,2.017417552243303,1.986499116362378
66060.0,15.268232258689372,15.096430761156448,2.01445719330105,1.9834685281795479
66120.0,15.160905479451795,14.993472809084025,2.0114770265141475,1.9804313375299865
66180.0,15.053861117678098,14.890946227470138,2.0084768211164605,1.9773879360854485
66240.0,14.947101751483183,14.788852029449998,2.005456341812549,1.9743383797990428
66300.0,14.840629911831158,14.687190552735343,2.002415348672414,1.9712828924832
66360.0,14.734448082356996,14.585965737296435,1.9993535970228684,1.9682219217627837
66420.0,14.628558699182422,14.485179271691958,1.9962708373352844,1.9651555795440099
66480.0,14.522964150730727,14.384833407333494,1.9931668151097264,1.9620839777330938
66540.0,14.417666777537674,14.284928369362197,1.9900412707551745,1.9590074520486833
66600.0,14.312668872058392,14.185469110883544,1.9868939394657288,1.955926114396994
66660.0,14.20797267847045,14.086454506191743,1.9837245510926285,1.9528406362153203
66720.0,14.103580392471107,13.987888832968794,1.980532830011843,1.9497506817850154
66780.0,13.999494161070553,13.88977096550891,1.9773184949871336,1.9466568106371578
66840.0,13.895716082379693,13.792106757482195,1.97408125902829,1.9435592465841793
66900.0,13.79224820538907,13.694895533465175,1.970820829244314,1.9404582134385113
66960.0,13.689092529746391,13.598137968881325,1.9675369066915067,1.9373541588250174
67020.0,13.586251005520552,13.501834739154118,1.964229186215872,1.9342469708374812
67080.0,13.483725532961987,13.40599034710671,1.9608973562899583,1.9311373209131977
67140.0,13.381517962254197,13.310605693303735,1.9575410988436197,1.928025209052167
67200.0,13.279630093253424,13.215683029156772,1.9541600890884283,1.9249108031137125
67260.0,13.17806367522141,13.121219652971925,1.9507539953356092,1.9217946066758054
67320.0,13.076820406545997,13.027221193278141,1.9473224788069503,1.918677123316417
67380.0,12.975901934450702,12.93368584894616,1.9438651934385072,1.9155580732700073
67440.0,12.875309854691542,12.840615195964084,1.9403817856766608,1.91243790416144
67500.0,12.775045711241589,12.748012161166967,1.9368718942662035,1.90931700766247
67560.0,12.675110995960589,12.655877194837124,1.9333351500299865,1.9061957194917447
67620.0,12.575507148250097,12.564209621551083,1.9297711756397584,1.903074095602372
67680.0,12.476235554691597,12.47301304356737,1.9261795853776769,1.8999525276661071
67740.0,12.37729754866781,12.382284308909771,1.9225599848880703,1.896831127589166
67800.0,12.2786944099665,12.292027019836818,1.918911970918916,1.8937105668088434
67860.0,12.180427364361623,12.20224072606619,1.9152351310523856,1.8905903417471683
67920.0,12.082497583177162,12.112926328162523,1.9115290434240988,1.8874714036069744
67980.0,11.984906182824025,12.024082925561183,1.9077932764301533,1.8843536964351544
68040.0,11.887654224316927,11.935714120520696,1.9040273884216004,1.881237611903463
68100.0,11.790742712762135,11.847817211347168,1.9002309273853404,1.8781233178712244
68160.0,11.69417259681922,11.760391297475968,1.8964034306109148,1.8750108702915464
68220.0,11.597944768133226,11.673440881730253,1.8925444243422624,1.8719004929768603
68280.0,11.502060060733596,11.586960110439918,1.888653423413566,1.8687926335520293
68340.0,11.40651925040258,11.500952135581173,1.884729930868387,1.8656872360639458
68400.0,11.31132305400395,11.41541470574244,1.8807734375608745,1.8625846362312568
68460.0,11.216690918544357,11.328863240128525,1.8765318968112537,1.8589447187034676
68520.0,11.123601409056237,11.243857143422437,1.8723177437079053,1.8553629924078876
68580.0,11.03199765740435,11.160301406055542,1.8681237630379084,1.8518252452551118
68640.0,10.941847227519602,11.078162256854156,1.863950005979452,1.8483315891513559
68700.0,10.85311808704154,10.99740952690312,1.859796366052915,1.8448812407531094
68760.0,10.765779099814104,10.918008544464115,1.855662741207552,1.8414741441072648
68820.0,10.679799985911384,10.839930491468934,1.8515490303674504,1.8381095158703111
68880.0,10.595151293917295,10.763146099567049,1.8474551334542368,1.8347871881829247
68940.0,10.51180437402394,10.687621597584773,1.8433809513419348,1.8315067134202427
69000.0,10.429731352132071,10.613333120559368,1.8393263858151576,1.8282673082387546
69060.0,10.34890510490868,10.540251850422624,1.8352913395291688,1.8250687488260284
69120.0,10.269299235761387,10.468353021647175,1.83127571597176,1.8219106994634173
69180.0,10.190888051694706,10.39760736588249,1.8272794194268924,1.8187927684791656
69240.0,10.113646541006826,10.327991468448147,1.8233023549399097,1.8157140046704392
69300.0,10.037550351798496,10.25948056381678,1.8193444282843985,1.812674575896562
69360.0,9.962575771257686,10.192048985896387,1.8154055459305056,1.8096736988140232
69420.0,9.888699705689111,10.125678273112019,1.811485615014693,1.8067107579386363
69480.0,9.815899661259374,10.060339607395466,1.8075845433108464,1.8037856973172932
69540.0,9.74415372542934,9.996014977454097,1.803702239202709,1.8008977895595912
69600.0,9.673440549043384,9.932681869172121,1.7998386116574792,1.798046754899991
69660.0,9.603739329055005,9.870318668998378,1.7959935702007117,1.7952319219011978
69720.0,9.535029791857731,9.808906465075605,1.7921670248922237,1.7924530107976722
69780.0,9.46729217720007,9.748423643852647,1.7883588863031252,1.7897094061052274
69840.0,9.400507222664292,9.68884994262529,1.7845690654939352,1.7870009399645395
69900.0,9.334656148680368,9.630170952359425,1.7807974739935375,1.7843267171258825
69960.0,9.269720644061817,9.572363258374637,1.777044023779227,1.7816867375892562
70020.0,9.2056828520352,9.515411551072186,1.7733086272574936,1.7790804418235817
70080.0,9.142525356754131,9.459297819159438,1.7695911972458471,1.7765071583915644
70140.0,9.080231170268114,9.40400675303766,1.76589164695524,1.7739668313400963
70200.0,9.018783719937703,9.349516739155689,1.762209889973448,1.7714584535132354
70260.0,8.95816683627365,9.295816070173316,1.7585458402490846,1.7689819130047657
70320.0,8.898364741187706,9.242887185080228,1.7548994120764037,1.7665370419553637
70380.0,8.83936203663472,9.190713873713051,1.7512705200806833,1.7641227772559793
70440.0,8.781143693636809,9.139283528166946,1.7476590792043742,1.761738839141073
70500.0,8.723695041671187,9.088579938278542,1.744065004693775,1.759385339516861
70560.0,8.66700175840976,9.038586893884471,1.7404882120863523,1.7570611033680772
70620.0,8.611049859797028,8.989291787079893,1.7369286171986136,1.7547662985540453
70680.0,8.555825690454073,8.940682910524593,1.7333861361145195,1.7525002536374705
70740.0,8.501315914396027,8.892744054055203,1.7298606851744245,1.7502620733686267
70800.0,8.447507506051446,8.845461258919936,1.7263521809644973,1.7480519815599456
70860.0,8.394387741573839,8.79882416862553,1.722860540306661,1.745869306774132
70920.0,8.341944190433018,8.75281972498482,1.719385680248935,1.743713657339431
70980.0,8.29016470727676,8.707434869810651,1.7159275180562503,1.7415845856309793
71040.0,8.2390374240534,8.662658796327445,1.7124859712016716,1.73948147616459
71100.0,8.188550742385614,8.61847889663036,1.7090609573580258,1.7374045527526951
71160.0,8.138693326185583,8.574883463379184,1.7056523943899016,1.7353524165675969
71220.0,8.089454094504918,8.531858988104444,1.7022602003460428,1.7333254033279426
71280.0,8.040822214608504,8.48940096798298,1.6988842934520694,1.73132278564333
71340.0,7.9927870952664115,8.447494093416054,1.6955245921035496,1.7293443397013275
71400.0,7.945338380255027,8.406129358757354,1.6921810148594134,1.7273893381115322
71460.0,7.898465942060133,8.365292354972773,1.6888534804356363,1.7254576689677283
71520.0,7.852159875775173,8.324979479803783,1.6855419076992646,1.7235489965512687
71580.0,7.806410493188109,8.285178125345542,1.6822462156627167,1.7216627613310744
71640.0,7.761208317049258,8.245875683693207,1.6789663234783383,1.7197983478229586
71700.0,7.716544075515056,8.207066751458992,1.6757021504332577,1.717955811980029
71760.0,7.672408696760756,8.168740521867313,1.672453615944468,1.716134426411883
71820.0,7.628793303757502,8.130887989271857,1.6692206395541762,1.7143338553998735
71880.0,7.585689209205912,8.093500148026306,1.6660031409253648,1.7125538191784608
71940.0,7.543087910623654,8.056573395872135,1.6628010398376054,1.710793870122782
72000.0,7.500981085579052,8.020090622081344,1.659614256183056,1.709053840373513
72060.0,7.459360587068146,7.984048224395407,1.656442709962712,1.7073330025402516
72120.0,7.418218439028827,7.948437197168006,1.6532863212828175,1.7056310209043501
72180.0,7.377546831987401,7.913252137011352,1.6501450103514788,1.703947839512701
72240.0,7.337338118834869,7.878479535455972,1.6470186974755046,1.7022827309749013
72300.0,7.297584810726319,7.844117591372601,1.6439073030573543,1.7006356393378435
72360.0,7.258279573100666,7.8101554979856616,1.6408107475923115,1.699006172929772
72420.0,7.219415221816392,7.7765878519073635,1.6377289516658065,1.6973935484071765
72480.0,7.180984719400635,7.743407448620653,1.634661835950923,1.6957979895824882
72540.0,7.1429811714051565,7.710605282479216,1.631609321205994,1.694218769065305
72600.0,7.105397822868498,7.6781759500952615,1.6285713282724157,1.692655718996303
72660.0,7.068228054879418,7.646112246951737,1.6255477780725682,1.6911083917506189
72720.0,7.031465381238816,7.614409670225484,1.622538591607885,1.6895765075627134
72780.0,6.995103445216198,7.583059214270188,1.6195436899570368,1.688059786667047
72840.0,6.959136016399087,7.552055475698058,1.616562994274276,1.686557669532541
72900.0,6.923556987631447,7.52139034942741,1.6135964257878803,1.6850700442529791
72960.0,6.888360372036707,7.491061133764349,1.610643905798682,1.6835964632034988
73020.0,6.85354030012748,7.4610606241918225,1.607705355678819,1.6821369823372072
73080.0,6.819091016992678,7.431381616192778,1.6047806968704472,1.6806906504512709
73140.0,6.785006879565662,7.402018706379424,1.601869850884686,1.6792572996863657
73200.0,6.751282353966491,7.372967391928605,1.598972739300594,1.6778368740893839
73260.0,6.717912012918536,7.3442231700171625,1.5960892837642635,1.676429093894786
73320.0,6.684890533236149,7.315779736692674,1.5932194059880167,1.6750336233839247
73380.0,6.652212693380693,7.287629887438088,1.590363027749669,1.673649847072613
73440.0,6.619873371083793,7.259770019994877,1.5875200708919033,1.6722777090077432
73500.0,6.587867541036018,7.232193830410621,1.5846904573217346,1.67091681751756
73560.0,6.556190272636747,7.20490221924995,1.5818741090100092,1.6695670886724017
73620.0,6.524836727806137,7.177881678043392,1.5790709479910363,1.6682281028239587
73680.0,6.493802158855295,7.151133107355577,1.57628089636226,1.6668993843708142
73740.0,6.46308190641407,7.124649302669452,1.573503876284017,1.665580961289522
73800.0,6.432671397414339,7.098426661726492,1.5707398099793777,1.6642722740490032
73860.0,6.402566143125992,7.072459781138907,1.5679886197339938,1.6629731268133805
73920.0,6.37276173724674,7.04674505864817,1.565250227896104,1.661683267793668
73980.0,6.343253854040609,7.021279792560387,1.562524556876501,1.660402501153988
74040.0,6.314038246526892,6.996058579487768,1.55981152914864,1.6591308828474487
74100.0,6.2851107447163175,6.9710742149132585,1.55711106724876,1.6578669860697988
74160.0,6.256467253892185,6.94632579827223,1.554423093776044,1.6566119019066419
74220.0,6.228103752938772,6.921807926176891,1.5517475313929014,1.655364763084806
74280.0,6.200016292710169,6.8975196980626095,1.5490843028251975,1.6541250660263198
74340.0,6.172200994443925,6.873453008847703,1.546433330862632,1.6528932024029388
74400.0,6.144654048213763,6.849609659661432,1.5437945383590814,1.6516682769649365
74460.0,6.117371711423434,6.825980644857484,1.5411678482330478,1.650450345665421
74520.0,6.09035030733777,6.802566865000488,1.5385531834680926,1.6492395204106078
74580.0,6.063586223652853,6.7793530104917075,1.5359504671133608,1.6480346261852314
74640.0,6.037075911100111,6.756351689235984,1.5333596222840813,1.6468363903796943
74700.0,6.010815882089325,6.733549392763845,1.530780572162201,1.6456440856035939
74760.0,5.9848027093818095,6.7109488227691845,1.5282132399969115,1.644457236255513
74820.0,5.95903302480012,6.688543675299581,1.525657549105349,1.643276317936869
74880.0,5.933503517968869,6.666328546967247,1.523113422873234,1.642100575280705
74940.0,5.908210935086758,6.644299835513653,1.5205807847555657,1.6409297005449277
75000.0,5.883152077729333,6.6224611431973255,1.518059558277338,1.6397640854012925
75060.0,5.858323801682353,6.600807066630479,1.5155496670343156,1.6386030584125044
75120.0,5.833723015802391,6.5793267990375295,1.5130510346937576,1.6374462558833625
75180.0,5.809346680907019,6.558026644370901,1.510563584995246,1.6362937057904203
75240.0,5.785191808690573,6.53689939811354,1.5080872417514648,1.6351452682509082
75300.0,5.761255460668601,6.515945060265446,1.505621928849063,1.634000691475841
75360.0,5.7375347471461335,6.4951573268741996,1.5031675702494764,1.632859583793463
75420.0,5.714026826211652,6.474535297375166,1.5007240899897865,1.6317218892506666
75480.0,5.690728902755347,6.454074468945189,1.498291412183608,1.63058738403502
75540.0,5.66763822751217,6.433775742148901,1.495869461021994,1.6294559002871998
75600.0,5.644752096125575,6.413633713598513,1.4934581607742894,1.6283271022885584
75660.0,5.622067848235239,6.393650184423285,1.491057435789074,1.6272009900390958
75720.0,5.599582866587568,6.373814347847638,1.4886672104951024,1.626077227820165
75780.0,5.577294576164111,6.3541298061301035,1.4862874094021683,1.624955479913118
75840.0,5.5552004433343605,6.334592957012148,1.4839179571021035,1.6238357463179554
75900.0,5.533297975025477,6.315201999364515,1.4815587782696615,1.622717915128461
75960.0,5.511584717913848,6.295953330928674,1.479209797663505,1.6216021542039587
76020.0,5.490058257634203,6.276846951704625,1.476870940127123,1.6204874004353986
76080.0,5.468716218007742,6.257880159998475,1.474542130589781,1.6193741574007516
76140.0,5.447556260288347,6.239045751293171,1.4722232940674824,1.6182620334282625
76200.0,5.426576082425497,6.220345526717974,1.469914355663884,1.617150580893068
76260.0,5.4057734183459,6.201780386837518,1.467615240571288,1.616039799795168
76320.0,5.385146037250044,6.183344928264013,1.465325874071541,1.6149299699001027
76380.0,5.364691742924905,6.165034648174299,1.4630461815369744,1.6138203638174686
76440.0,5.34440837307421,6.146852248262274,1.4607760884313816,1.61271114940659
76500.0,5.324293798662267,6.128794126269408,1.4585155203108984,1.6116018790426034
76560.0,5.304345923272809,6.110856679937179,1.456264402824936,1.6104923848661852
76620.0,5.284562682483133,6.093039008700952,1.454022661717104,1.6093829746194288
76680.0,5.264942043252309,6.0753384108668325,1.4517902228261197,1.608272739064331
76740.0,5.245482003322218,6.057755786999454,1.4495670120866757,1.6071624335678485
76800.0,5.226180590633375,6.040286634275656,1.447352955530358,1.606050967044377
76860.0,5.207035862752437,6.0229309526954395,1.4451479792864947,1.604938689200841
76920.0,5.188045906313489,6.0056851400002795,1.4429520095830315,1.6038256699786257
76980.0,5.169208836471333,5.9885437928023855,1.4407649727473724,1.6027109162100655
77040.0,5.150522796366821,5.9715150161834405,1.4385867952072258,1.6015951692738402
77100.0,5.131985956604521,5.954591605626392,1.436417403491421,1.6004777437443782
77160.0,5.113596514740257,5.937771760001979,1.4342567242306918,1.599358835457557
77220.0,5.09535269478239,5.921054578745569,1.4321046841585117,1.5982379408354055
77280.0,5.07725274670143,5.90444006185716,1.4299612101118238,1.5971157453034954
77340.0,5.059294945952299,5.887921905384333,1.4278262290318289,1.595990724139637
77400.0,5.041477593005197,5.871500109327089,1.4256996679646907,1.5948635208045705
77460.0,5.023799012888875,5.855177375379318,1.4235814540623084,1.5937345549466053
77520.0,5.006257554740842,5.838948300153236,1.4214715145829504,1.5926028893511843
77580.0,4.988851591369894,5.82281288364884,1.4193697768919926,1.5914684540769228
77640.0,4.971579518826063,5.806768424172235,1.4172761684625428,1.5903311232293276
77700.0,4.954439755980533,5.790812220029528,1.4151906168760948,1.589190854843568
77760.0,4.937430744115329,5.774949674608505,1.413113049823166,1.5880477888024138
77820.0,4.920550946519591,5.759168180004329,1.4110433951038477,1.586901351586509
77880.0,4.903798848095655,5.743477642427944,1.4089815806284105,1.5857515851606845
77940.0,4.887172954974396,5.727868155668402,1.4069275344178758,1.584598223747678
78000.0,4.870671794135954,5.712344222548863,1.404881184604485,1.5834415191364748
78060.0,4.85429391304098,5.696903141375431,1.4028424594322644,1.5822811495967044
78120.0,4.838037879267751,5.681544912148105,1.400811287257461,1.5811173809056296
78180.0,4.821902280158114,5.6662605292205726,1.3987875965490326,1.57994882822383
78240.0,4.8058857224694025,5.651060799368409,1.3967713158890416,1.5787770302617725
78300.0,4.789986832035067,5.63593581638067,1.394762373973099,1.5776006721214217
78360.0,4.774204253430345,5.620882878563458,1.392760699610708,1.5764198097558855
78420.0,4.758536649646408,5.605910090998458,1.390766221725639,1.5752345830479337
78480.0,4.742982701770667,5.5910075474747245,1.3887788693562595,1.5740447961616884
78540.0,4.72754110867303,5.5761752479922535,1.3867985716558142,1.5728501973081643
78600.0,4.712210586698608,5.561416794809576,1.3848252578927087,1.5716510102997931
78660.0,4.696989869367545,5.546728585668163,1.3828588574507688,1.5704468154882654
78720.0,4.681877707079504,5.5321097200033815,1.3808992998294345,1.5692379206156746
78780.0,4.666872866825211,5.517557496121341,1.3789465146439708,1.5680234304322944
78840.0,4.651974131902715,5.50307281458667,1.3770004316256148,1.566803904469204
78900.0,4.637180301639863,5.48865117257621,1.3750609806217218,1.5655787971836008
78960.0,4.622490191122909,5.474297973477752,1.373128091595876,1.5643485282237948
79020.0,4.607902630928008,5.460002410515717,1.371201694627937,1.5631122023400592
79080.0,4.593416466862124,5.445777091594946,1.369281719914153,1.5618707707352284
79140.0,4.5790305597039,5.431608508245967,1.367368097767096,1.5606231003588675
79200.0,4.564743784954095,5.417501163291936,1.365460758615725,1.559369401035131
79260.0,4.550555032587878,5.4034541561682214,1.3635596330053126,1.5581098825881738
79320.0,4.5364632068139965,5.389466586310194,1.3616646515974005,1.55684429322901
79380.0,4.522467225836517,5.375534851459326,1.359775745169674,1.5555722272976076
79440.0,4.508566021622596,5.3616607527448785,1.3578928446158571,1.5542938386650131
79500.0,4.4947585396745415,5.347842489037593,1.3560158809455678,1.553009477038151
79560.0,4.481043738805588,5.334080060337465,1.354144785284106,1.5517177156127702
79620.0,4.467420590920104,5.320368063256707,1.3522794888722596,1.5504194776151505
79680.0,4.453888080798597,5.306710100053845,1.350419923066062,1.5491145811976916
79740.0,4.440445205885519,5.29310617072888,1.3485660193365057,1.5478030543369474
79800.0,4.427090976082906,5.279554474152546,1.3467177092692677,1.546484281548731
79860.0,4.4138244135455285,5.266049606937056,1.3448749245643392,1.5451587244461824
79920.0,4.400644552481556,5.252596972470199,1.3430375970356925,1.543825725580284
79980.0,4.3875504389564925,5.239189366234923,1.3412056586108871,1.542485326915867
80040.0,4.3745411307009165,5.225832191619016,1.3393790413306546,1.5411376823239773
80100.0,4.361615696920271,5.212525448622479,1.3375576773484126,1.539782735851508
80160.0,4.3487732181112815,5.1992601315989955,1.335741498929857,1.5384197041549477
80220.0,4.336012785877454,5.186041643936354,1.33393043845236,1.5370494824840233
80280.0,4.323333502752443,5.17286638337603,1.332124428404533,1.535671301483501
80340.0,4.310734482022619,5.15973254878876,1.3303234013855747,1.5342852590713196
80400.0,4.29821484755588,5.146649145820859,1.3285272901047336,1.5328913272709255
80460.0,4.285773733631443,5.133605367696751,1.3267360273806443,1.5314893522112714
80520.0,4.273410284773766,5.120597612157905,1.3249495461406982,1.5300789562088795
80580.0,4.261123655589362,5.107638487109165,1.323167779420355,1.5286607407596595
80640.0,4.248913010605553,5.094717185774954,1.3213906603624108,1.5272339085318238
80700.0,4.236777524114284,5.081831907026006,1.319618122216306,1.5257985154784808
80760.0,4.224716380015059,5.068988054250111,1.3178500983372816,1.5243547994003381
80820.0,4.212728771664507,5.05618022405948,1.3160865221856568,1.5229024665435802
80880.0,4.200813901726166,5.043413819841904,1.3143273273259546,1.521441279107498
80940.0,4.188970982023449,5.030676233692537,1.3125724474260636,1.5199713070334768
81000.0,4.177199233395212,5.017978272386962,1.3108218162563507,1.518492620262901
81060.0,4.165497885554148,5.005316333666652,1.309075367688755,1.5170047152177997
81120.0,4.153866176946709,4.992688616402342,1.3073330356958326,1.5155080814878672
81180.0,4.142303354616211,4.980095120594031,1.305594754349806,1.5140019217413156
81240.0,4.130808674068556,4.967532243983197,1.3038604578215716,1.5124867115795624
81300.0,4.119381399138573,4.9550035888283634,1.3021300803796454,1.5109620453425752
81360.0,4.108020801860535,4.942505552871003,1.3004035563891445,1.509427951006908
81420.0,4.096726162340025,4.93003993724038,1.2986808203106954,1.5078844285725608
81480.0,4.085496768627268,4.91760313967797,1.2969618066993205,1.5063314500629794
81540.0,4.074331916594001,4.905198762442296,1.2952464502033132,1.504768609818132
81600.0,4.06323090981078,4.892820501580941,1.2935346855630638,1.5031961316504499
81660.0,4.0521930594285145,4.88047376048169,1.2918264476099062,1.501613595911624
81720.0,4.041217684058473,4.868154936886018,1.2901216712648274,1.5000213662968556
81780.0,4.030304109658286,4.855863130229295,1.2884202915373084,1.4984192889350978
81840.0,4.019451669416462,4.843594738252994,1.2867222435239924,1.4968063706586858
81900.0,4.008659703641095,4.831356064909535,1.2850274624074218,1.4951842480960251
81960.0,3.997927559648832,4.819143507940394,1.2833358834546875,1.4935510328297248
82020.0,3.987254591655955,4.80695256452241,1.281647442016082,1.491907592132957
82080.0,3.9766401606717463,4.794789538608006,1.279962073523732,1.4902540728826297
82140.0,3.966083634394042,4.782649927374024,1.278279713490197,1.488589810635587
82200.0,3.955584387103318,4.770533730820462,1.276600297506986,1.486915022210122
82260.0,3.945141799563379,4.758439147818061,1.2749237612431716,1.4852297146003728
82320.0,3.9347552589186754,4.746364377237553,1.2732500404438267,1.4835333072928452
82380.0,3.924424158597103,4.7343157230313615,1.2715790709285757,1.4818266325900193
82440.0,3.914147898210961,4.722286881247067,1.2699107885899863,1.4801085224707677
82500.0,3.903925883463067,4.710280553578562,1.2682451293920742,1.4783795994134157
82560.0,3.893757526050668,4.698292237202688,1.2665820293686352,1.4766394997227619
82620.0,3.8836422435732585,4.686325534377973,1.2649214246216658,1.4748887269767774
82680.0,3.873579459440912,4.67437684284589,1.263263251319695,1.473126385925736
82740.0,3.863568602783803,4.662443460912543,1.2616074456961075,1.4713524765696377
82800.0,3.853609108363514,4.650529891401094,1.2599539440474423,1.4695675584395613
82860.0,3.843700416485964,4.638635233746907,1.2583026827316584,1.4677710020630432
82920.0,3.833841972913481,4.626755885691457,1.2566535981663411,1.4659627374986983
82980.0,3.8240332287824073,4.61489995231643,1.2550066268269902,1.4641437719024688
83040.0,3.8142736405166353,4.603052124023085,1.253361705245102,1.46231237072801
83100.0,3.804562669746813,4.59122050589311,1.251718770006403,1.4604690725239853
83160.0,3.794899783228315,4.579405998491136,1.2500777577489353,1.4586141430676574
83220.0,3.785284452760546,4.567606800687898,1.2484386051611571,1.456747708253519
83280.0,3.775716155109352,4.5558175090956095,1.246801248980043,1.4548686630076888
83340.0,3.7661943719266606,4.544050731619109,1.245165625989048,1.452978539046496
83400.0,3.756718589676001,4.532292959788926,1.2435316730162196,1.4510758186418884
83460.0,3.747288299554834,4.520545994734322,1.2418993269320846,1.4491606276883593
83520.0,3.737902997420733,4.508815239843086,1.240268524647652,1.447233966347712
83580.0,3.728562183717271,4.497091689468903,1.2386392031123166,1.4452937643549546
83640.0,3.71926536340084,4.485384349258089,1.2370112993117424,1.4433420709926634
83700.0,3.7100120458698553,4.473683312999697,1.2353847502657431,1.4413778581224812
83760.0,3.7008017448926553,4.461995785210778,1.233759493026076,1.439400713090237
83820.0,3.6916339785382783,4.450317263068175,1.232135464674263,1.4374112373918408
83880.0,3.682508269107001,4.438649547701152,1.230512602319341,1.4354092351914152
83940.0,3.6734241430631327,4.4269935396743385,1.2288908430956107,1.4333942308875427
84000.0,3.664381130966522,4.41534563672921,1.227270124160303,1.4313667035787097
84060.0,3.6553787674066567,4.40370223660724,1.2256503826912626,1.429326202142984
84120.0,3.646416590937219,4.39206964326085,1.2240315558845842,1.4272723488968873
84180.0,3.6374941440113018,4.38044335386688,1.2224135809522017,1.4252060670666997
84240.0,3.6286109729173024,4.368827871248488,1.2207963951194398,1.423126849577381
84300.0,3.6197666277156593,4.3572159908886245,1.219179935622552,1.4210339515531825
84360.0,3.610960662176621,4.345613116175077,1.2175641397062087,1.418928219284861
84420.0,3.6021926337183667,4.334013843720054,1.2159489446209404,1.416809002317537
84480.0,3.5934621033465666,4.322422676346717,1.214334287620575,1.4146767028141736
84540.0,3.584768635593079,4.310832409538012,1.2127201059595771,1.4125302331862364
84600.0,3.576111798457718,4.299252048940254,1.211106336890435,1.4103712895123082
84660.0,3.5674911633481248,4.287672588907126,1.2094929176609113,1.408198336578991
84720.0,3.5589063050225427,4.27610393564958,1.2078797855113423,1.4060128851201983
84780.0,3.55035680153201,4.264536182956663,1.2062668776718384,1.4038129103328378
84840.0,3.541842234162533,4.252970231393011,1.204654131359442,1.4015989892333351
84900.0,3.533362187380304,4.241406981523253,1.203041483775313,1.3993715694465532
84960.0,3.52491624877484,4.229849135041285,1.2014288721017623,1.397130598516453
85020.0,3.516504009003963,4.218291288559318,1.1998162334993274,1.394875541391441
85080.0,3.5081250617395625,4.206737944900507,1.1982035051037732,1.3926067862462026
85140.0,3.499779003613591,4.195183700677065,1.1965906240230466,1.3903238959470827
85200.0,3.4914654341641724,4.183633959276781,1.1949775273341698,1.3880271362713439
85260.0,3.4831839557830246,4.172084217876497,1.1933641520801157,1.3857162099681002
85320.0,3.474934173662794,4.160536277605477,1.1917504352666106,1.3833908897278508
85380.0,3.466715695745082,4.148987436769826,1.1901363138588965,1.381051476298551
85440.0,3.458528132669203,4.137440397063436,1.1885217247784374,1.3786983473636787
85500.0,3.4503710977209785,4.125892456792416,1.186906604899579,1.3763304468083226
85560.0,3.4422442067820618,4.114342715392132,1.1852908910461426,1.3739486628880704
85620.0,3.434147078280212,4.102793874556479,1.183674519987986,1.3715518625524872
85680.0,3.426079333138812,4.091244133156195,1.1820574284374703,1.3691410179868229
85740.0,3.4180405947289603,4.07969349119128,1.1804395530459342,1.3667151709941046
85800.0,3.4100304888190185,4.068138346403208,1.178820830400015,1.3642753427185514
85860.0,3.402048643527092,4.056582301050502,1.177201197018004,1.3618206169280218
85920.0,3.39409468927268,4.045026255697797,1.1755805893460838,1.3593512454115009
85980.0,3.386168258728811,4.033465707521934,1.1739589437545093,1.356867228168989
86040.0,3.378268986774575,4.021899755958282,1.1723361965337449,1.354368047634238
86100.0,3.3703965104482045,4.010334704959261,1.1707122838905166,1.3518549207873445
86160.0,3.3625504689002965,3.9987669522663456,1.1690871419438005,1.349326903419613
86220.0,3.354730503347228,3.9871937961856396,1.167460706720745,1.3467835549003184
86280.0,3.346936257024815,3.9756179384110393,1.1658329141525043,1.344225546666756
86340.0,3.3391673751427144,3.96403667724865,1.1642037000700394,1.3416521932933538
