epoch,train_data_loss,train_phys_loss,train_total_loss,val_data_loss,val_phys_loss,val_total_loss
1,0.9891138672828674,0.0,0.9891138672828674,0.22245515882968903,0.0,0.22245515882968903
2,0.8696463704109192,0.0,0.8696463704109192,0.20787876844406128,0.0,0.20787876844406128
3,0.756848156452179,0.0,0.756848156452179,0.19471824169158936,0.0,0.19471824169158936
4,0.6500191688537598,0.0,0.6500191688537598,0.18269531428813934,0.0,0.18269531428813934
5,0.548723578453064,0.0,0.548723578453064,0.1719481647014618,0.0,0.1719481647014618
6,0.45339033007621765,0.0,0.45339033007621765,0.16293390095233917,0.0,0.16293390095233917
7,0.3651142120361328,0.0,0.3651142120361328,0.15632405877113342,0.0,0.15632405877113342
8,0.2854459583759308,0.0,0.2854459583759308,0.15291810035705566,0.0,0.15291810035705566
9,0.21622204780578613,0.0,0.21622204780578613,0.1535177230834961,0.0,0.1535177230834961
10,0.1593564748764038,0.0,0.1593564748764038,0.15875709056854248,0.0,0.15875709056854248
11,0.11655482649803162,0.0,0.11655482649803162,0.16889238357543945,0.0,0.16889238357543945
12,0.08892079442739487,0.0,0.08892079442739487,0.1835513859987259,0.0,0.1835513859987259
13,0.07645957916975021,0.0,0.07645957916975021,0.20148895680904388,0.0,0.20148895680904388
14,0.07755762338638306,0.0,0.07755762338638306,0.22050708532333374,0.0,0.22050708532333374
15,0.08867552131414413,0.0,0.08867552131414413,0.23777304589748383,0.0,0.23777304589748383
16,0.1046847328543663,0.0,0.1046847328543663,0.25058773159980774,0.0,0.25058773159980774
17,0.12013845890760422,0.0,0.12013845890760422,0.25720834732055664,0.0,0.25720834732055664
18,0.13091807067394257,0.0,0.13091807067394257,0.257198691368103,0.0,0.257198691368103
19,0.13513194024562836,0.0,0.13513194024562836,0.2512301206588745,0.0,0.2512301206588745
20,0.1329362541437149,0.0,0.1329362541437149,0.2406376749277115,0.0,0.2406376749277115
21,0.12580086290836334,0.0,0.12580086290836334,0.22699660062789917,0.0,0.22699660062789917
22,0.11574292182922363,0.0,0.11574292182922363,0.2118237018585205,0.0,0.2118237018585205
23,0.10474880039691925,0.0,0.10474880039691925,0.19640681147575378,0.0,0.19640681147575378
24,0.09441975504159927,0.0,0.09441975504159927,0.18173541128635406,0.0,0.18173541128635406
25,0.08581376075744629,0.0,0.08581376075744629,0.1684984564781189,0.0,0.1684984564781189
26,0.07943633198738098,0.0,0.07943633198738098,0.15711838006973267,0.0,0.15711838006973267
27,0.07532861828804016,0.0,0.07532861828804016,0.14779967069625854,0.0,0.14779967069625854
28,0.07320306450128555,0.0,0.07320306450128555,0.14057773351669312,0.0,0.14057773351669312
29,0.07258769124746323,0.0,0.07258769124746323,0.13536286354064941,0.0,0.13536286354064941
30,0.0729515552520752,0.0,0.0729515552520752,0.1319759488105774,0.0,0.1319759488105774
31,0.07379679381847382,0.0,0.07379679381847382,0.1301763653755188,0.0,0.1301763653755188
32,0.07471418380737305,0.0,0.07471418380737305,0.12968343496322632,0.0,0.12968343496322632
33,0.07540707290172577,0.0,0.07540707290172577,0.13019470870494843,0.0,0.13019470870494843
34,0.07569260895252228,0.0,0.07569260895252228,0.13140326738357544,0.0,0.13140326738357544
35,0.07548914104700089,0.0,0.07548914104700089,0.1330152153968811,0.0,0.1330152153968811
36,0.07479718327522278,0.0,0.07479718327522278,0.13476739823818207,0.0,0.13476739823818207
37,0.07367872446775436,0.0,0.07367872446775436,0.13644187152385712,0.0,0.13644187152385712
38,0.07223692536354065,0.0,0.07223692536354065,0.1378750205039978,0.0,0.1378750205039978
39,0.0705970823764801,0.0,0.0705970823764801,0.1389583796262741,0.0,0.1389583796262741
40,0.06888864189386368,0.0,0.06888864189386368,0.13963226974010468,0.0,0.13963226974010468
41,0.06722889095544815,0.0,0.06722889095544815,0.13987493515014648,0.0,0.13987493515014648
42,0.06570974737405777,0.0,0.06570974737405777,0.13969074189662933,0.0,0.13969074189662933
43,0.06438927352428436,0.0,0.06438927352428436,0.13910073041915894,0.0,0.13910073041915894
44,0.06328903883695602,0.0,0.06328903883695602,0.138136088848114,0.0,0.138136088848114
45,0.062397878617048264,0.0,0.062397878617048264,0.13683468103408813,0.0,0.13683468103408813
46,0.061680421233177185,0.0,0.061680421233177185,0.13523811101913452,0.0,0.13523811101913452
47,0.061088379472494125,0.0,0.061088379472494125,0.13338881731033325,0.0,0.13338881731033325
48,0.06057177111506462,0.0,0.06057177111506462,0.13132627308368683,0.0,0.13132627308368683
49,0.06008753180503845,0.0,0.06008753180503845,0.12908312678337097,0.0,0.12908312678337097
50,0.05960410460829735,0.0,0.05960410460829735,0.12668158113956451,0.0,0.12668158113956451
51,0.059101738035678864,0.0,0.059101738035678864,0.12413249909877777,0.0,0.12413249909877777
52,0.05856988579034805,0.0,0.05856988579034805,0.12143807858228683,0.0,0.12143807858228683
53,0.05800355225801468,0.0,0.05800355225801468,0.11859811842441559,0.0,0.11859811842441559
54,0.057400405406951904,0.0,0.057400405406951904,0.11561913043260574,0.0,0.11561913043260574
55,0.056759800761938095,0.0,0.056759800761938095,0.1125234067440033,0.0,0.1125234067440033
56,0.05608358979225159,0.0,0.05608358979225159,0.10935531556606293,0.0,0.10935531556606293
57,0.05537767708301544,0.0,0.05537767708301544,0.10618223249912262,0.0,0.10618223249912262
58,0.05465308204293251,0.0,0.05465308204293251,0.1030895784497261,0.0,0.1030895784497261
59,0.053925521671772,0.0,0.053925521671772,0.10017102211713791,0.0,0.10017102211713791
60,0.05321333557367325,0.0,0.05321333557367325,0.09751538187265396,0.0,0.09751538187265396
61,0.05253417417407036,0.0,0.05253417417407036,0.09519346803426743,0.0,0.09519346803426743
62,0.051901474595069885,0.0,0.051901474595069885,0.0932464599609375,0.0,0.0932464599609375
63,0.051321785897016525,0.0,0.051321785897016525,0.09167851507663727,0.0,0.09167851507663727
64,0.05079353600740433,0.0,0.05079353600740433,0.09045454859733582,0.0,0.09045454859733582
65,0.05030781030654907,0.0,0.05030781030654907,0.0895039290189743,0.0,0.0895039290189743
66,0.04985060170292854,0.0,0.04985060170292854,0.08872953802347183,0.0,0.08872953802347183
67,0.04940600320696831,0.0,0.04940600320696831,0.08802100270986557,0.0,0.08802100270986557
68,0.048959486186504364,0.0,0.048959486186504364,0.08726983517408371,0.0,0.08726983517408371
69,0.048500433564186096,0.0,0.048500433564186096,0.08638420701026917,0.0,0.08638420701026917
70,0.04802384227514267,0.0,0.04802384227514267,0.08530093729496002,0.0,0.08530093729496002
71,0.04753082990646362,0.0,0.04753082990646362,0.08399288356304169,0.0,0.08399288356304169
72,0.04702810198068619,0.0,0.04702810198068619,0.08247029781341553,0.0,0.08247029781341553
73,0.04652644693851471,0.0,0.04652644693851471,0.08077573776245117,0.0,0.08077573776245117
74,0.046038441359996796,0.0,0.046038441359996796,0.07897394895553589,0.0,0.07897394895553589
75,0.04557572677731514,0.0,0.04557572677731514,0.07713855057954788,0.0,0.07713855057954788
76,0.04514651745557785,0.0,0.04514651745557785,0.07533857226371765,0.0,0.07533857226371765
77,0.04475400596857071,0.0,0.04475400596857071,0.07362783700227737,0.0,0.07362783700227737
78,0.04439616575837135,0.0,0.04439616575837135,0.0720389187335968,0.0,0.0720389187335968
79,0.04406682774424553,0.0,0.04406682774424553,0.07058268040418625,0.0,0.07058268040418625
80,0.04375777393579483,0.0,0.04375777393579483,0.06925251334905624,0.0,0.06925251334905624
81,0.0434609092772007,0.0,0.0434609092772007,0.0680316910147667,0.0,0.0680316910147667
82,0.043170053511857986,0.0,0.043170053511857986,0.06690159440040588,0.0,0.06690159440040588
83,0.042881958186626434,0.0,0.042881958186626434,0.06584865599870682,0.0,0.06584865599870682
84,0.04259657487273216,0.0,0.04259657487273216,0.06486811488866806,0.0,0.06486811488866806
85,0.042316608130931854,0.0,0.042316608130931854,0.06396350264549255,0.0,0.06396350264549255
86,0.042046524584293365,0.0,0.042046524584293365,0.06314247846603394,0.0,0.06314247846603394
87,0.04179123044013977,0.0,0.04179123044013977,0.06241035461425781,0.0,0.06241035461425781
88,0.04155462980270386,0.0,0.04155462980270386,0.06176421418786049,0.0,0.06176421418786049
89,0.041338611394166946,0.0,0.041338611394166946,0.06118975579738617,0.0,0.06118975579738617
90,0.041142672300338745,0.0,0.041142672300338745,0.06066238880157471,0.0,0.06066238880157471
91,0.04096420481801033,0.0,0.04096420481801033,0.06015212833881378,0.0,0.06015212833881378
92,0.040799349546432495,0.0,0.040799349546432495,0.05963055416941643,0.0,0.05963055416941643
93,0.04064404219388962,0.0,0.04064404219388962,0.059077825397253036,0.0,0.059077825397253036
94,0.040494926273822784,0.0,0.040494926273822784,0.0584869384765625,0.0,0.0584869384765625
95,0.04034983739256859,0.0,0.04034983739256859,0.057864412665367126,0.0,0.057864412665367126
96,0.040207989513874054,0.0,0.040207989513874054,0.05722718685865402,0.0,0.05722718685865402
97,0.04006971791386604,0.0,0.04006971791386604,0.05659688264131546,0.0,0.05659688264131546
98,0.039935991168022156,0.0,0.039935991168022156,0.05599386990070343,0.0,0.05599386990070343
99,0.03980792313814163,0.0,0.03980792313814163,0.05543274059891701,0.0,0.05543274059891701
100,0.039686255156993866,0.0,0.039686255156993866,0.054920610040426254,0.0,0.054920610040426254
101,0.03957098722457886,0.0,0.03957098722457886,0.05445818975567818,0.0,0.05445818975567818
102,0.03946128860116005,0.0,0.03946128860116005,0.0540425069630146,0.0,0.0540425069630146
103,0.039355747401714325,0.0,0.039355747401714325,0.053669802844524384,0.0,0.053669802844524384
104,0.03925273194909096,0.0,0.03925273194909096,0.0533372238278389,0.0,0.0533372238278389
105,0.03915082663297653,0.0,0.03915082663297653,0.053042665123939514,0.0,0.053042665123939514
106,0.03904907405376434,0.0,0.03904907405376434,0.05278322473168373,0.0,0.05278322473168373
107,0.038946982473134995,0.0,0.038946982473134995,0.0525532104074955,0.0,0.0525532104074955
108,0.03884449228644371,0.0,0.03884449228644371,0.05234290659427643,0.0,0.05234290659427643
109,0.0387418307363987,0.0,0.0387418307363987,0.05213895067572594,0.0,0.05213895067572594
110,0.038639362901449203,0.0,0.038639362901449203,0.05192635580897331,0.0,0.05192635580897331
111,0.03853734955191612,0.0,0.03853734955191612,0.0516914464533329,0.0,0.0516914464533329
112,0.03843584284186363,0.0,0.03843584284186363,0.05142474174499512,0.0,0.05142474174499512
113,0.0383346751332283,0.0,0.0383346751332283,0.051122650504112244,0.0,0.051122650504112244
114,0.038233526051044464,0.0,0.038233526051044464,0.050787534564733505,0.0,0.050787534564733505
115,0.03813212364912033,0.0,0.03813212364912033,0.050426214933395386,0.0,0.050426214933395386
116,0.038030266761779785,0.0,0.038030266761779785,0.050047826021909714,0.0,0.050047826021909714
117,0.03792787343263626,0.0,0.03792787343263626,0.04966176301240921,0.0,0.04966176301240921
118,0.03782499209046364,0.0,0.03782499209046364,0.04927641525864601,0.0,0.04927641525864601
119,0.03772173821926117,0.0,0.03772173821926117,0.0488988533616066,0.0,0.0488988533616066
120,0.037618253380060196,0.0,0.037618253380060196,0.04853505641222,0.0,0.04853505641222
121,0.03751467168331146,0.0,0.03751467168331146,0.04819018766283989,0.0,0.04819018766283989
122,0.03741105645895004,0.0,0.03741105645895004,0.047868385910987854,0.0,0.047868385910987854
123,0.03730740770697594,0.0,0.03730740770697594,0.047572195529937744,0.0,0.047572195529937744
124,0.03720368444919586,0.0,0.03720368444919586,0.047301679849624634,0.0,0.047301679849624634
125,0.037099890410900116,0.0,0.037099890410900116,0.04705395922064781,0.0,0.04705395922064781
126,0.03699604794383049,0.0,0.03699604794383049,0.046823322772979736,0.0,0.046823322772979736
127,0.036892205476760864,0.0,0.036892205476760864,0.04660208523273468,0.0,0.04660208523273468
128,0.03678843379020691,0.0,0.03678843379020691,0.04638185724616051,0.0,0.04638185724616051
129,0.036684755235910416,0.0,0.036684755235910416,0.04615490511059761,0.0,0.04615490511059761
130,0.036581188440322876,0.0,0.036581188440322876,0.04591505229473114,0.0,0.04591505229473114
131,0.036477722227573395,0.0,0.036477722227573395,0.04565805941820145,0.0,0.04565805941820145
132,0.03637430816888809,0.0,0.03637430816888809,0.04538164660334587,0.0,0.04538164660334587
133,0.03627089411020279,0.0,0.03627089411020279,0.0450853668153286,0.0,0.0450853668153286
134,0.036167439073324203,0.0,0.036167439073324203,0.044770561158657074,0.0,0.044770561158657074
135,0.036063939332962036,0.0,0.036063939332962036,0.04444031044840813,0.0,0.04444031044840813
136,0.035960402339696884,0.0,0.035960402339696884,0.044099342077970505,0.0,0.044099342077970505
137,0.03585684299468994,0.0,0.03585684299468994,0.04375359043478966,0.0,0.04375359043478966
138,0.035753268748521805,0.0,0.035753268748521805,0.04340942203998566,0.0,0.04340942203998566
139,0.03564964607357979,0.0,0.03564964607357979,0.043072476983070374,0.0,0.043072476983070374
140,0.03554593026638031,0.0,0.03554593026638031,0.04274679720401764,0.0,0.04274679720401764
141,0.03544206917285919,0.0,0.03544206917285919,0.042434222996234894,0.0,0.042434222996234894
142,0.03533799946308136,0.0,0.03533799946308136,0.04213447868824005,0.0,0.04213447868824005
143,0.03523367643356323,0.0,0.03523367643356323,0.04184570536017418,0.0,0.04184570536017418
144,0.03512907400727272,0.0,0.03512907400727272,0.04156522452831268,0.0,0.04156522452831268
145,0.03502420708537102,0.0,0.03502420708537102,0.04129005968570709,0.0,0.04129005968570709
146,0.03491907939314842,0.0,0.03491907939314842,0.041017159819602966,0.0,0.041017159819602966
147,0.03481370210647583,0.0,0.03481370210647583,0.0407433956861496,0.0,0.0407433956861496
148,0.034708067774772644,0.0,0.034708067774772644,0.0404655784368515,0.0,0.0404655784368515
149,0.03460216149687767,0.0,0.03460216149687767,0.04018060863018036,0.0,0.04018060863018036
150,0.03449594974517822,0.0,0.03449594974517822,0.03988604247570038,0.0,0.03988604247570038
151,0.034389425069093704,0.0,0.034389425069093704,0.039580680429935455,0.0,0.039580680429935455
152,0.03428255021572113,0.0,0.03428255021572113,0.03926495090126991,0.0,0.03926495090126991
153,0.0341753251850605,0.0,0.0341753251850605,0.0389409139752388,0.0,0.0389409139752388
154,0.034067749977111816,0.0,0.034067749977111816,0.03861169517040253,0.0,0.03861169517040253
155,0.03395983576774597,0.0,0.03395983576774597,0.038280751556158066,0.0,0.038280751556158066
156,0.03385158255696297,0.0,0.03385158255696297,0.03795110806822777,0.0,0.03795110806822777
157,0.0337429940700531,0.0,0.0337429940700531,0.037624940276145935,0.0,0.037624940276145935
158,0.033634062856435776,0.0,0.033634062856435776,0.03730355203151703,0.0,0.03730355203151703
159,0.0335247702896595,0.0,0.0335247702896595,0.03698749840259552,0.0,0.03698749840259552
160,0.03341510519385338,0.0,0.03341510519385338,0.036676838994026184,0.0,0.036676838994026184
161,0.03330506384372711,0.0,0.03330506384372711,0.03637115657329559,0.0,0.03637115657329559
162,0.0331946462392807,0.0,0.0331946462392807,0.036069586873054504,0.0,0.036069586873054504
163,0.03308383747935295,0.0,0.03308383747935295,0.035770803689956665,0.0,0.035770803689956665
164,0.03297265246510506,0.0,0.03297265246510506,0.035473160445690155,0.0,0.035473160445690155
165,0.03286108747124672,0.0,0.03286108747124672,0.03517501801252365,0.0,0.03517501801252365
166,0.03274913504719734,0.0,0.03274913504719734,0.03487502411007881,0.0,0.03487502411007881
167,0.032636791467666626,0.0,0.032636791467666626,0.034572407603263855,0.0,0.034572407603263855
168,0.03252406418323517,0.0,0.03252406418323517,0.03426695987582207,0.0,0.03426695987582207
169,0.03241093084216118,0.0,0.03241093084216118,0.033958978950977325,0.0,0.033958978950977325
170,0.032297391444444656,0.0,0.032297391444444656,0.03364903852343559,0.0,0.03364903852343559
171,0.0321834422647953,0.0,0.0321834422647953,0.03333795815706253,0.0,0.03333795815706253
172,0.03206907957792282,0.0,0.03206907957792282,0.03302663192152977,0.0,0.03302663192152977
173,0.03195430710911751,0.0,0.03195430710911751,0.03271607309579849,0.0,0.03271607309579849
174,0.031839098781347275,0.0,0.031839098781347275,0.0324072390794754,0.0,0.0324072390794754
175,0.03172346577048302,0.0,0.03172346577048302,0.0321008563041687,0.0,0.0321008563041687
176,0.03160740062594414,0.0,0.03160740062594414,0.03179725259542465,0.0,0.03179725259542465
177,0.031490884721279144,0.0,0.031490884721279144,0.031496260315179825,0.0,0.031496260315179825
178,0.03137392923235893,0.0,0.03137392923235893,0.031197385862469673,0.0,0.031197385862469673
179,0.03125651925802231,0.0,0.03125651925802231,0.03089999407529831,0.0,0.03089999407529831
180,0.031138651072978973,0.0,0.031138651072978973,0.030603567138314247,0.0,0.030603567138314247
181,0.031020309776067734,0.0,0.031020309776067734,0.030307766050100327,0.0,0.030307766050100327
182,0.030901506543159485,0.0,0.030901506543159485,0.030012425035238266,0.0,0.030012425035238266
183,0.030782224610447884,0.0,0.030782224610447884,0.029717406257987022,0.0,0.029717406257987022
184,0.03066246397793293,0.0,0.03066246397793293,0.02942260354757309,0.0,0.02942260354757309
185,0.030542217195034027,0.0,0.030542217195034027,0.029127925634384155,0.0,0.029127925634384155
186,0.030421484261751175,0.0,0.030421484261751175,0.028833389282226562,0.0,0.028833389282226562
187,0.030300257727503777,0.0,0.030300257727503777,0.02853916399180889,0.0,0.02853916399180889
188,0.030178532004356384,0.0,0.030178532004356384,0.02824554219841957,0.0,0.02824554219841957
189,0.0300562996417284,0.0,0.0300562996417284,0.02795279026031494,0.0,0.02795279026031494
190,0.02993355691432953,0.0,0.02993355691432953,0.02766108699142933,0.0,0.02766108699142933
191,0.029810301959514618,0.0,0.029810301959514618,0.02737046778202057,0.0,0.02737046778202057
192,0.02968652732670307,0.0,0.02968652732670307,0.02708083763718605,0.0,0.02708083763718605
193,0.02956223115324974,0.0,0.02956223115324974,0.026792112737894058,0.0,0.026792112737894058
194,0.02943740412592888,0.0,0.02943740412592888,0.026504209265112877,0.0,0.026504209265112877
195,0.029312046244740486,0.0,0.029312046244740486,0.026217063888907433,0.0,0.026217063888907433
196,0.029186144471168518,0.0,0.029186144471168518,0.02593061700463295,0.0,0.02593061700463295
197,0.029059704393148422,0.0,0.029059704393148422,0.025644846260547638,0.0,0.025644846260547638
198,0.028932714834809303,0.0,0.028932714834809303,0.025359774008393288,0.0,0.025359774008393288
199,0.02880517765879631,0.0,0.02880517765879631,0.025075487792491913,0.0,0.025075487792491913
200,0.02867708168923855,0.0,0.02867708168923855,0.024792149662971497,0.0,0.024792149662971497
201,0.02854842133820057,0.0,0.02854842133820057,0.0245098527520895,0.0,0.0245098527520895
202,0.028419198468327522,0.0,0.028419198468327522,0.024228623136878014,0.0,0.024228623136878014
203,0.02828940935432911,0.0,0.02828940935432911,0.023948369547724724,0.0,0.023948369547724724
204,0.028159044682979584,0.0,0.028159044682979584,0.02366899698972702,0.0,0.02366899698972702
205,0.028028100728988647,0.0,0.028028100728988647,0.02339041978120804,0.0,0.02339041978120804
206,0.027896573767066002,0.0,0.027896573767066002,0.02311258390545845,0.0,0.02311258390545845
207,0.027764471247792244,0.0,0.027764471247792244,0.022835485637187958,0.0,0.022835485637187958
208,0.02763177454471588,0.0,0.02763177454471588,0.022559072822332382,0.0,0.022559072822332382
209,0.027498485520482063,0.0,0.027498485520482063,0.022283341735601425,0.0,0.022283341735601425
210,0.02736460231244564,0.0,0.02736460231244564,0.02200828306376934,0.0,0.02200828306376934
211,0.027230121195316315,0.0,0.027230121195316315,0.021733982488512993,0.0,0.021733982488512993
212,0.027095042169094086,0.0,0.027095042169094086,0.02146057039499283,0.0,0.02146057039499283
213,0.026959357783198357,0.0,0.026959357783198357,0.02118818648159504,0.0,0.02118818648159504
214,0.026823071762919426,0.0,0.026823071762919426,0.020916985347867012,0.0,0.020916985347867012
215,0.026686174795031548,0.0,0.026686174795031548,0.02064703218638897,0.0,0.02064703218638897
216,0.026548659428954124,0.0,0.026548659428954124,0.020378394052386284,0.0,0.020378394052386284
217,0.02641054429113865,0.0,0.02641054429113865,0.020111067220568657,0.0,0.020111067220568657
218,0.02627181075513363,0.0,0.02627181075513363,0.01984502375125885,0.0,0.01984502375125885
219,0.02613246440887451,0.0,0.02613246440887451,0.019580187276005745,0.0,0.019580187276005745
220,0.025992501527071,0.0,0.025992501527071,0.01931644044816494,0.0,0.01931644044816494
221,0.025851918384432793,0.0,0.025851918384432793,0.01905371993780136,0.0,0.01905371993780136
222,0.025710728019475937,0.0,0.025710728019475937,0.018791990354657173,0.0,0.018791990354657173
223,0.02556891366839409,0.0,0.02556891366839409,0.018531285226345062,0.0,0.018531285226345062
224,0.02542649209499359,0.0,0.02542649209499359,0.018271688371896744,0.0,0.018271688371896744
225,0.0252834502607584,0.0,0.0252834502607584,0.01801326312124729,0.0,0.01801326312124729
226,0.02513979747891426,0.0,0.02513979747891426,0.017756115645170212,0.0,0.017756115645170212
227,0.024995531886816025,0.0,0.024995531886816025,0.017500346526503563,0.0,0.017500346526503563
228,0.024850649759173393,0.0,0.024850649759173393,0.017246063798666,0.0,0.017246063798666
229,0.02470516599714756,0.0,0.02470516599714756,0.016993362456560135,0.0,0.016993362456560135
230,0.02455907128751278,0.0,0.02455907128751278,0.016742296516895294,0.0,0.016742296516895294
231,0.024412376806139946,0.0,0.024412376806139946,0.016492893919348717,0.0,0.016492893919348717
232,0.02426508069038391,0.0,0.02426508069038391,0.016245145350694656,0.0,0.016245145350694656
233,0.02411719039082527,0.0,0.02411719039082527,0.015999041497707367,0.0,0.015999041497707367
234,0.02396870218217373,0.0,0.02396870218217373,0.01575455814599991,0.0,0.01575455814599991
235,0.023819632828235626,0.0,0.023819632828235626,0.015511678531765938,0.0,0.015511678531765938
236,0.023669978603720665,0.0,0.023669978603720665,0.01527040172368288,0.0,0.01527040172368288
237,0.02351974882185459,0.0,0.02351974882185459,0.015030769631266594,0.0,0.015030769631266594
238,0.023368949070572853,0.0,0.023368949070572853,0.014792842790484428,0.0,0.014792842790484428
239,0.023217584937810898,0.0,0.023217584937810898,0.014556722715497017,0.0,0.014556722715497017
240,0.02306566759943962,0.0,0.02306566759943962,0.014322481118142605,0.0,0.014322481118142605
241,0.02291320078074932,0.0,0.02291320078074932,0.014090199023485184,0.0,0.014090199023485184
242,0.022760191932320595,0.0,0.022760191932320595,0.013859952799975872,0.0,0.013859952799975872
243,0.022606655955314636,0.0,0.022606655955314636,0.013631800189614296,0.0,0.013631800189614296
244,0.022452600300312042,0.0,0.022452600300312042,0.01340580079704523,0.0,0.01340580079704523
245,0.02229803055524826,0.0,0.02229803055524826,0.013181996531784534,0.0,0.013181996531784534
246,0.022142961621284485,0.0,0.022142961621284485,0.012960417196154594,0.0,0.012960417196154594
247,0.02198740281164646,0.0,0.02198740281164646,0.012741110287606716,0.0,0.012741110287606716
248,0.021831367164850235,0.0,0.021831367164850235,0.012524095363914967,0.0,0.012524095363914967
249,0.02167487144470215,0.0,0.02167487144470215,0.012309430167078972,0.0,0.012309430167078972
250,0.02151792123913765,0.0,0.02151792123913765,0.012097146362066269,0.0,0.012097146362066269
251,0.02136053703725338,0.0,0.02136053703725338,0.01188731286674738,0.0,0.01188731286674738
252,0.021202735602855682,0.0,0.021202735602855682,0.011680000461637974,0.0,0.011680000461637974
253,0.021044524386525154,0.0,0.021044524386525154,0.011475278064608574,0.0,0.011475278064608574
254,0.020885931327939034,0.0,0.020885931327939034,0.011273222975432873,0.0,0.011273222975432873
255,0.020726965740323067,0.0,0.020726965740323067,0.011073891073465347,0.0,0.011073891073465347
256,0.020567646250128746,0.0,0.020567646250128746,0.010877348482608795,0.0,0.010877348482608795
257,0.02040799707174301,0.0,0.02040799707174301,0.010683656670153141,0.0,0.010683656670153141
258,0.020248034968972206,0.0,0.020248034968972206,0.01049287524074316,0.0,0.01049287524074316
259,0.020087776705622673,0.0,0.020087776705622673,0.01030506007373333,0.0,0.01030506007373333
260,0.0199272520840168,0.0,0.0199272520840168,0.010120278224349022,0.0,0.010120278224349022
261,0.01976647786796093,0.0,0.01976647786796093,0.009938591159880161,0.0,0.009938591159880161
262,0.0196054819971323,0.0,0.0196054819971323,0.009760070592164993,0.0,0.009760070592164993
263,0.019444281235337257,0.0,0.019444281235337257,0.009584764018654823,0.0,0.009584764018654823
264,0.019282914698123932,0.0,0.019282914698123932,0.009412737563252449,0.0,0.009412737563252449
265,0.019121399149298668,0.0,0.019121399149298668,0.009244058281183243,0.0,0.009244058281183243
266,0.018959758803248405,0.0,0.018959758803248405,0.009078781120479107,0.0,0.009078781120479107
267,0.018798036500811577,0.0,0.018798036500811577,0.008916969411075115,0.0,0.008916969411075115
268,0.018636243417859077,0.0,0.018636243417859077,0.008758677169680595,0.0,0.008758677169680595
269,0.01847442239522934,0.0,0.01847442239522934,0.00860396958887577,0.0,0.00860396958887577
270,0.018312595784664154,0.0,0.018312595784664154,0.008452888578176498,0.0,0.008452888578176498
271,0.018150798976421356,0.0,0.018150798976421356,0.0083055030554533,0.0,0.0083055030554533
272,0.017989078536629677,0.0,0.017989078536629677,0.00816186610609293,0.0,0.00816186610609293
273,0.017827453091740608,0.0,0.017827453091740608,0.008022045716643333,0.0,0.008022045716643333
274,0.017665959894657135,0.0,0.017665959894657135,0.007886095903813839,0.0,0.007886095903813839
275,0.01750464364886284,0.0,0.01750464364886284,0.007754080928862095,0.0,0.007754080928862095
276,0.017343534156680107,0.0,0.017343534156680107,0.007626046892255545,0.0,0.007626046892255545
277,0.017182670533657074,0.0,0.017182670533657074,0.007502041757106781,0.0,0.007502041757106781
278,0.017022091895341873,0.0,0.017022091895341873,0.007382111623883247,0.0,0.007382111623883247
279,0.016861844807863235,0.0,0.016861844807863235,0.007266295608133078,0.0,0.007266295608133078
280,0.016701960936188698,0.0,0.016701960936188698,0.00715462863445282,0.0,0.00715462863445282
281,0.01654248684644699,0.0,0.01654248684644699,0.007047163788229227,0.0,0.007047163788229227
282,0.016383465379476547,0.0,0.016383465379476547,0.006943931337445974,0.0,0.006943931337445974
283,0.016224943101406097,0.0,0.016224943101406097,0.0068449522368609905,0.0,0.0068449522368609905
284,0.016066953539848328,0.0,0.016066953539848328,0.006750283297151327,0.0,0.006750283297151327
285,0.015909552574157715,0.0,0.015909552574157715,0.006659946404397488,0.0,0.006659946404397488
286,0.015752781182527542,0.0,0.015752781182527542,0.006573961582034826,0.0,0.006573961582034826
287,0.01559668779373169,0.0,0.01559668779373169,0.006492366548627615,0.0,0.006492366548627615
288,0.015441318973898888,0.0,0.015441318973898888,0.006415180396288633,0.0,0.006415180396288633
289,0.015286717563867569,0.0,0.015286717563867569,0.0063424245454370975,0.0,0.0063424245454370975
290,0.015132936649024487,0.0,0.015132936649024487,0.006274090148508549,0.0,0.006274090148508549
291,0.014980020001530647,0.0,0.014980020001530647,0.006210182793438435,0.0,0.006210182793438435
292,0.014828016050159931,0.0,0.014828016050159931,0.006150712259113789,0.0,0.006150712259113789
293,0.014676976948976517,0.0,0.014676976948976517,0.006095664110034704,0.0,0.006095664110034704
294,0.01452694833278656,0.0,0.01452694833278656,0.006045019254088402,0.0,0.006045019254088402
295,0.01437798235565424,0.0,0.01437798235565424,0.005998784210532904,0.0,0.005998784210532904
296,0.014230123721063137,0.0,0.014230123721063137,0.005956918001174927,0.0,0.005956918001174927
297,0.014083420857787132,0.0,0.014083420857787132,0.005919396411627531,0.0,0.005919396411627531
298,0.013937920331954956,0.0,0.013937920331954956,0.005886209663003683,0.0,0.005886209663003683
299,0.013793672434985638,0.0,0.013793672434985638,0.005857297219336033,0.0,0.005857297219336033
300,0.013650725595653057,0.0,0.013650725595653057,0.005832630209624767,0.0,0.005832630209624767
301,0.013509128242731094,0.0,0.013509128242731094,0.00581215787678957,0.0,0.00581215787678957
302,0.013368921354413033,0.0,0.013368921354413033,0.005795800592750311,0.0,0.005795800592750311
303,0.013230153359472752,0.0,0.013230153359472752,0.005783514119684696,0.0,0.005783514119684696
304,0.013092857785522938,0.0,0.013092857785522938,0.005775243043899536,0.0,0.005775243043899536
305,0.012957093305885792,0.0,0.012957093305885792,0.005770860239863396,0.0,0.005770860239863396
306,0.012822897173464298,0.0,0.012822897173464298,0.005770327989012003,0.0,0.005770327989012003
307,0.012690304778516293,0.0,0.012690304778516293,0.005773571319878101,0.0,0.005773571319878101
308,0.012559362687170506,0.0,0.012559362687170506,0.005780411418527365,0.0,0.005780411418527365
309,0.012430105358362198,0.0,0.012430105358362198,0.005790859926491976,0.0,0.005790859926491976
310,0.01230256725102663,0.0,0.01230256725102663,0.005804750602692366,0.0,0.005804750602692366
311,0.01217679027467966,0.0,0.01217679027467966,0.005821945611387491,0.0,0.005821945611387491
312,0.012052801437675953,0.0,0.012052801437675953,0.005842432379722595,0.0,0.005842432379722595
313,0.011930630542337894,0.0,0.011930630542337894,0.005865966435521841,0.0,0.005865966435521841
314,0.011810317635536194,0.0,0.011810317635536194,0.005892490036785603,0.0,0.005892490036785603
315,0.01169187854975462,0.0,0.01169187854975462,0.005921897944062948,0.0,0.005921897944062948
316,0.011575344949960709,0.0,0.011575344949960709,0.005953955929726362,0.0,0.005953955929726362
317,0.011460741050541401,0.0,0.011460741050541401,0.005988664925098419,0.0,0.005988664925098419
318,0.01134808175265789,0.0,0.01134808175265789,0.006025746930390596,0.0,0.006025746930390596
319,0.01123739406466484,0.0,0.01123739406466484,0.006065174471586943,0.0,0.006065174471586943
320,0.011128684505820274,0.0,0.011128684505820274,0.006106736604124308,0.0,0.006106736604124308
321,0.011021976359188557,0.0,0.011021976359188557,0.00615027965977788,0.0,0.00615027965977788
322,0.010917278937995434,0.0,0.010917278937995434,0.006195702590048313,0.0,0.006195702590048313
323,0.010814597830176353,0.0,0.010814597830176353,0.006242795381695032,0.0,0.006242795381695032
324,0.010713948868215084,0.0,0.010713948868215084,0.006291454657912254,0.0,0.006291454657912254
325,0.010615327395498753,0.0,0.010615327395498753,0.0063415043987333775,0.0,0.0063415043987333775
326,0.010518738068640232,0.0,0.010518738068640232,0.006392790004611015,0.0,0.006392790004611015
327,0.010424183681607246,0.0,0.010424183681607246,0.006445171777158976,0.0,0.006445171777158976
328,0.010331656783819199,0.0,0.010331656783819199,0.006498480215668678,0.0,0.006498480215668678
329,0.010241157375276089,0.0,0.010241157375276089,0.006552593782544136,0.0,0.006552593782544136
330,0.010152672417461872,0.0,0.010152672417461872,0.006607323419302702,0.0,0.006607323419302702
331,0.010066192597150803,0.0,0.010066192597150803,0.006662597414106131,0.0,0.006662597414106131
332,0.009981710463762283,0.0,0.009981710463762283,0.006718132644891739,0.0,0.006718132644891739
333,0.009899209253489971,0.0,0.009899209253489971,0.006774017587304115,0.0,0.006774017587304115
334,0.00981866754591465,0.0,0.00981866754591465,0.006829730700701475,0.0,0.006829730700701475
335,0.009740066714584827,0.0,0.009740066714584827,0.006885766051709652,0.0,0.006885766051709652
336,0.009663392789661884,0.0,0.009663392789661884,0.006940995808690786,0.0,0.006940995808690786
337,0.009588618762791157,0.0,0.009588618762791157,0.00699692964553833,0.0,0.00699692964553833
338,0.009515722282230854,0.0,0.009515722282230854,0.007050603628158569,0.0,0.007050603628158569
339,0.00944466982036829,0.0,0.00944466982036829,0.00710701197385788,0.0,0.00710701197385788
340,0.009375439025461674,0.0,0.009375439025461674,0.007156620267778635,0.0,0.007156620267778635
341,0.009308001026511192,0.0,0.009308001026511192,0.007217167876660824,0.0,0.007217167876660824
342,0.009242323227226734,0.0,0.009242323227226734,0.007253856398165226,0.0,0.007253856398165226
343,0.009178376756608486,0.0,0.009178376756608486,0.007335808593779802,0.0,0.007335808593779802
344,0.009116163477301598,0.0,0.009116163477301598,0.007321615237742662,0.0,0.007321615237742662
345,0.00905575044453144,0.0,0.00905575044453144,0.007506534457206726,0.0,0.007506534457206726
346,0.008997674100100994,0.0,0.008997674100100994,0.007263326086103916,0.0,0.007263326086103916
347,0.008944462984800339,0.0,0.008944462984800339,0.00795369129627943,0.0,0.00795369129627943
348,0.008908490650355816,0.0,0.008908490650355816,0.006676508113741875,0.0,0.006676508113741875
349,0.008939722552895546,0.0,0.008939722552895546,0.00946926698088646,0.0,0.00946926698088646
350,0.009159447625279427,0.0,0.009159447625279427,0.005536841228604317,0.0,0.005536841228604317
351,0.009454349055886269,0.0,0.009454349055886269,0.009870709851384163,0.0,0.009870709851384163
352,0.009191141463816166,0.0,0.009191141463816166,0.00738242594525218,0.0,0.00738242594525218
353,0.008645649999380112,0.0,0.008645649999380112,0.006358996499329805,0.0,0.006358996499329805
354,0.008857997134327888,0.0,0.008857997134327888,0.00982084684073925,0.0,0.00982084684073925
355,0.008999357931315899,0.0,0.008999357931315899,0.00713698472827673,0.0,0.00713698472827673
356,0.008553990162909031,0.0,0.008553990162909031,0.006746327504515648,0.0,0.006746327504515648
357,0.008609420619904995,0.0,0.008609420619904995,0.009572083130478859,0.0,0.009572083130478859
358,0.008755733259022236,0.0,0.008755733259022236,0.007292646449059248,0.0,0.007292646449059248
359,0.008420663885772228,0.0,0.008420663885772228,0.006924073211848736,0.0,0.006924073211848736
360,0.008463007397949696,0.0,0.008463007397949696,0.009373195469379425,0.0,0.009373195469379425
361,0.008546587079763412,0.0,0.008546587079763412,0.007559983059763908,0.0,0.007559983059763908
362,0.008287787437438965,0.0,0.008287787437438965,0.007032998837530613,0.0,0.007032998837530613
363,0.008346357382833958,0.0,0.008346357382833958,0.009200353175401688,0.0,0.009200353175401688
364,0.008366909809410572,0.0,0.008366909809410572,0.007847625762224197,0.0,0.007847625762224197
365,0.008172217756509781,0.0,0.008172217756509781,0.007151198107749224,0.0,0.007151198107749224
366,0.008238161914050579,0.0,0.008238161914050579,0.00905568990856409,0.0,0.00905568990856409
367,0.0082123763859272,0.0,0.0082123763859272,0.0080979960039258,0.0,0.0080979960039258
368,0.008073401637375355,0.0,0.008073401637375355,0.007277501747012138,0.0,0.007277501747012138
369,0.008132596500217915,0.0,0.008132596500217915,0.008923240005970001,0.0,0.008923240005970001
370,0.008080675266683102,0.0,0.008080675266683102,0.008292252197861671,0.0,0.008292252197861671
371,0.007985841482877731,0.0,0.007985841482877731,0.007415082771331072,0.0,0.007415082771331072
372,0.008030093275010586,0.0,0.008030093275010586,0.008811449632048607,0.0,0.008811449632048607
373,0.007968701422214508,0.0,0.007968701422214508,0.008415809832513332,0.0,0.008415809832513332
374,0.00790482945740223,0.0,0.00790482945740223,0.0075398217886686325,0.0,0.0075398217886686325
375,0.007932760752737522,0.0,0.007932760752737522,0.008713435381650925,0.0,0.008713435381650925
376,0.00787240732461214,0.0,0.00787240732461214,0.008481529541313648,0.0,0.008481529541313648
377,0.00782789196819067,0.0,0.00782789196819067,0.0076530566439032555,0.0,0.0076530566439032555
378,0.007842163555324078,0.0,0.007842163555324078,0.008636725135147572,0.0,0.008636725135147572
379,0.00778788048774004,0.0,0.00778788048774004,0.00849863886833191,0.0,0.00849863886833191
380,0.007754281163215637,0.0,0.007754281163215637,0.007745105307549238,0.0,0.007745105307549238
381,0.007758754771202803,0.0,0.007758754771202803,0.008578401058912277,0.0,0.008578401058912277
382,0.007712029851973057,0.0,0.007712029851973057,0.008488846942782402,0.0,0.008488846942782402
383,0.007684021256864071,0.0,0.007684021256864071,0.007826050743460655,0.0,0.007826050743460655
384,0.007682129740715027,0.0,0.007682129740715027,0.008541297167539597,0.0,0.008541297167539597
385,0.007642691023647785,0.0,0.007642691023647785,0.008460892364382744,0.0,0.008460892364382744
386,0.007617306895554066,0.0,0.007617306895554066,0.007894478738307953,0.0,0.007894478738307953
387,0.007611484732478857,0.0,0.007611484732478857,0.008520882576704025,0.0,0.008520882576704025
388,0.007578445132821798,0.0,0.007578445132821798,0.008427949622273445,0.0,0.008427949622273445
389,0.007554240059107542,0.0,0.007554240059107542,0.007958618924021721,0.0,0.007958618924021721
390,0.0075459592044353485,0.0,0.0075459592044353485,0.008512552827596664,0.0,0.008512552827596664
391,0.007518355268985033,0.0,0.007518355268985033,0.008388866670429707,0.0,0.008388866670429707
392,0.0074948035180568695,0.0,0.0074948035180568695,0.008014921098947525,0.0,0.008014921098947525
393,0.007484802044928074,0.0,0.007484802044928074,0.00850796326994896,0.0,0.00850796326994896
394,0.007461762987077236,0.0,0.007461762987077236,0.008347675204277039,0.0,0.008347675204277039
395,0.007438869681209326,0.0,0.007438869681209326,0.008066634647548199,0.0,0.008066634647548199
396,0.007427438162267208,0.0,0.007427438162267208,0.008499858900904655,0.0,0.008499858900904655
397,0.00740815931931138,0.0,0.00740815931931138,0.008301003836095333,0.0,0.008301003836095333
398,0.007386232726275921,0.0,0.007386232726275921,0.008110541850328445,0.0,0.008110541850328445
399,0.007373462896794081,0.0,0.007373462896794081,0.008482762612402439,0.0,0.008482762612402439
400,0.007357125170528889,0.0,0.007357125170528889,0.008252857252955437,0.0,0.008252857252955437
401,0.007336611859500408,0.0,0.007336611859500408,0.008148465305566788,0.0,0.008148465305566788
402,0.007322611287236214,0.0,0.007322611287236214,0.008452589623630047,0.0,0.008452589623630047
403,0.007308351341634989,0.0,0.007308351341634989,0.008203133940696716,0.0,0.008203133940696716
404,0.0072896601632237434,0.0,0.0072896601632237434,0.008178848773241043,0.0,0.008178848773241043
405,0.007274709641933441,0.0,0.007274709641933441,0.008409840986132622,0.0,0.008409840986132622
406,0.0072616408579051495,0.0,0.0072616408579051495,0.008158422075212002,0.0,0.008158422075212002
407,0.0072449976578354836,0.0,0.0072449976578354836,0.008203214965760708,0.0,0.008203214965760708
408,0.007229586131870747,0.0,0.007229586131870747,0.008355586789548397,0.0,0.008355586789548397
409,0.0072169229388237,0.0,0.0072169229388237,0.00812117662280798,0.0,0.00812117662280798
410,0.0072022401727736,0.0,0.0072022401727736,0.008220040239393711,0.0,0.008220040239393711
411,0.007187006063759327,0.0,0.007187006063759327,0.008294402621686459,0.0,0.008294402621686459
412,0.007174237165600061,0.0,0.007174237165600061,0.008096041157841682,0.0,0.008096041157841682
413,0.007161094807088375,0.0,0.007161094807088375,0.008228089660406113,0.0,0.008228089660406113
414,0.007146645803004503,0.0,0.007146645803004503,0.008229483850300312,0.0,0.008229483850300312
415,0.007133633829653263,0.0,0.007133633829653263,0.008082585409283638,0.0,0.008082585409283638
416,0.007121428847312927,0.0,0.007121428847312927,0.008224482648074627,0.0,0.008224482648074627
417,0.007108114659786224,0.0,0.007108114659786224,0.008166540414094925,0.0,0.008166540414094925
418,0.007095096632838249,0.0,0.007095096632838249,0.008079956285655499,0.0,0.008079956285655499
419,0.007083259988576174,0.0,0.007083259988576174,0.008206922560930252,0.0,0.008206922560930252
420,0.007071062456816435,0.0,0.007071062456816435,0.008108977228403091,0.0,0.008108977228403091
421,0.007058453280478716,0.0,0.007058453280478716,0.008082862012088299,0.0,0.008082862012088299
422,0.007046686019748449,0.0,0.007046686019748449,0.008174668997526169,0.0,0.008174668997526169
423,0.007035277783870697,0.0,0.007035277783870697,0.008061452768743038,0.0,0.008061452768743038
424,0.00702340342104435,0.0,0.00702340342104435,0.008085855282843113,0.0,0.008085855282843113
425,0.007011762820184231,0.0,0.007011762820184231,0.008129381574690342,0.0,0.008129381574690342
426,0.00700074527412653,0.0,0.00700074527412653,0.008025450631976128,0.0,0.008025450631976128
427,0.006989648565649986,0.0,0.006989648565649986,0.008082143031060696,0.0,0.008082143031060696
428,0.006978384219110012,0.0,0.006978384219110012,0.008076202124357224,0.0,0.008076202124357224
429,0.0069675506092607975,0.0,0.0069675506092607975,0.008001603186130524,0.0,0.008001603186130524
430,0.006957007572054863,0.0,0.006957007572054863,0.008067050017416477,0.0,0.008067050017416477
431,0.006946322042495012,0.0,0.006946322042495012,0.008021538145840168,0.0,0.008021538145840168
432,0.0069357166066765785,0.0,0.0069357166066765785,0.00798653345555067,0.0,0.00798653345555067
433,0.00692548044025898,0.0,0.00692548044025898,0.008038443513214588,0.0,0.008038443513214588
434,0.006915343925356865,0.0,0.006915343925356865,0.007972616702318192,0.0,0.007972616702318192
435,0.0069051384925842285,0.0,0.0069051384925842285,0.007975533604621887,0.0,0.007975533604621887
436,0.006895123049616814,0.0,0.006895123049616814,0.007998060435056686,0.0,0.007998060435056686
437,0.00688535301014781,0.0,0.00688535301014781,0.007933967746794224,0.0,0.007933967746794224
438,0.006875619292259216,0.0,0.006875619292259216,0.007961814291775227,0.0,0.007961814291775227
439,0.006865901406854391,0.0,0.006865901406854391,0.007951019331812859,0.0,0.007951019331812859
440,0.006856373976916075,0.0,0.006856373976916075,0.007906856015324593,0.0,0.007906856015324593
441,0.006847015582025051,0.0,0.006847015582025051,0.007940242998301983,0.0,0.007940242998301983
442,0.006837682798504829,0.0,0.006837682798504829,0.007904034107923508,0.0,0.007904034107923508
443,0.0068284133449196815,0.0,0.0068284133449196815,0.007887721061706543,0.0,0.007887721061706543
444,0.006819311063736677,0.0,0.006819311063736677,0.007908446714282036,0.0,0.007908446714282036
445,0.006810327060520649,0.0,0.006810327060520649,0.007863196544349194,0.0,0.007863196544349194
446,0.006801379844546318,0.0,0.006801379844546318,0.007870655506849289,0.0,0.007870655506849289
447,0.006792512722313404,0.0,0.006792512722313404,0.007868368178606033,0.0,0.007868368178606033
448,0.006783786695450544,0.0,0.006783786695450544,0.007831331342458725,0.0,0.007831331342458725
449,0.0067751528695225716,0.0,0.0067751528695225716,0.007848761975765228,0.0,0.007848761975765228
450,0.006766566541045904,0.0,0.006766566541045904,0.007825265638530254,0.0,0.007825265638530254
451,0.0067580631002783775,0.0,0.0067580631002783775,0.007807023823261261,0.0,0.007807023823261261
452,0.006749673746526241,0.0,0.006749673746526241,0.007818469777703285,0.0,0.007818469777703285
453,0.006741367280483246,0.0,0.006741367280483246,0.00778527557849884,0.0,0.00778527557849884
454,0.006733112037181854,0.0,0.006733112037181854,0.0077850595116615295,0.0,0.0077850595116615295
455,0.006724935490638018,0.0,0.006724935490638018,0.0077804457396268845,0.0,0.0077804457396268845
456,0.006716857198625803,0.0,0.006716857198625803,0.007752000354230404,0.0,0.007752000354230404
457,0.006708852015435696,0.0,0.006708852015435696,0.007759721949696541,0.0,0.007759721949696541
458,0.006700904108583927,0.0,0.006700904108583927,0.007739529013633728,0.0,0.007739529013633728
459,0.006693027447909117,0.0,0.006693027447909117,0.00772472657263279,0.0,0.00772472657263279
460,0.006685229483991861,0.0,0.006685229483991861,0.007727562449872494,0.0,0.007727562449872494
461,0.006677505560219288,0.0,0.006677505560219288,0.007701223250478506,0.0,0.007701223250478506
462,0.006669837981462479,0.0,0.006669837981462479,0.0076992022804915905,0.0,0.0076992022804915905
463,0.006662230938673019,0.0,0.006662230938673019,0.00768969627097249,0.0,0.00768969627097249
464,0.006654697936028242,0.0,0.006654697936028242,0.00766866747289896,0.0,0.00766866747289896
465,0.006647228263318539,0.0,0.006647228263318539,0.007670342922210693,0.0,0.007670342922210693
466,0.006639818660914898,0.0,0.006639818660914898,0.007650549989193678,0.0,0.007650549989193678
467,0.006632463075220585,0.0,0.006632463075220585,0.007640381809324026,0.0,0.007640381809324026
468,0.006625169888138771,0.0,0.006625169888138771,0.007635945919901133,0.0,0.007635945919901133
469,0.006617938168346882,0.0,0.006617938168346882,0.0076146977953612804,0.0,0.0076146977953612804
470,0.006610764190554619,0.0,0.006610764190554619,0.007612028159201145,0.0,0.007612028159201145
471,0.006603640038520098,0.0,0.006603640038520098,0.007597915828227997,0.0,0.007597915828227997
472,0.006596573628485203,0.0,0.006596573628485203,0.007583328522741795,0.0,0.007583328522741795
473,0.00658956216648221,0.0,0.00658956216648221,0.00757959159091115,0.0,0.00757959159091115
474,0.006582600995898247,0.0,0.006582600995898247,0.00756060890853405,0.0,0.00756060890853405
475,0.006575693376362324,0.0,0.006575693376362324,0.007553684990853071,0.0,0.007553684990853071
476,0.006568829994648695,0.0,0.006568829994648695,0.007542924955487251,0.0,0.007542924955487251
477,0.0065620229579508305,0.0,0.0065620229579508305,0.007526700850576162,0.0,0.007526700850576162
478,0.006555262487381697,0.0,0.006555262487381697,0.007521743420511484,0.0,0.007521743420511484
479,0.006548549979925156,0.0,0.006548549979925156,0.007505149580538273,0.0,0.007505149580538273
480,0.006541881710290909,0.0,0.006541881710290909,0.007495315745472908,0.0,0.007495315745472908
481,0.006535260938107967,0.0,0.006535260938107967,0.0074858940206468105,0.0,0.0074858940206468105
482,0.006528686732053757,0.0,0.006528686732053757,0.007469622418284416,0.0,0.007469622418284416
483,0.006522155832499266,0.0,0.006522155832499266,0.00746295927092433,0.0,0.00746295927092433
484,0.006515668239444494,0.0,0.006515668239444494,0.007448120974004269,0.0,0.007448120974004269
485,0.0065092239528894424,0.0,0.0065092239528894424,0.007436672691255808,0.0,0.007436672691255808
486,0.006502821110188961,0.0,0.006502821110188961,0.007427414413541555,0.0,0.007427414413541555
487,0.006496462505310774,0.0,0.006496462505310774,0.007411730941385031,0.0,0.007411730941385031
488,0.0064901383593678474,0.0,0.0064901383593678474,0.007403618656098843,0.0,0.007403618656098843
489,0.006483858451247215,0.0,0.006483858451247215,0.0073897819966077805,0.0,0.0073897819966077805
490,0.006477613467723131,0.0,0.006477613467723131,0.007377680856734514,0.0,0.007377680856734514
491,0.0064714099280536175,0.0,0.0064714099280536175,0.007368018385022879,0.0,0.007368018385022879
492,0.00646524503827095,0.0,0.00646524503827095,0.007352996151894331,0.0,0.007352996151894331
493,0.006459114607423544,0.0,0.006459114607423544,0.007343869190663099,0.0,0.007343869190663099
494,0.006453022826462984,0.0,0.006453022826462984,0.007330462336540222,0.0,0.007330462336540222
495,0.00644696643576026,0.0,0.00644696643576026,0.007318203803151846,0.0,0.007318203803151846
496,0.006440945900976658,0.0,0.006440945900976658,0.0073079392313957214,0.0,0.0073079392313957214
497,0.006434958428144455,0.0,0.006434958428144455,0.007293498143553734,0.0,0.007293498143553734
498,0.006429009139537811,0.0,0.006429009139537811,0.0072836196050047874,0.0,0.0072836196050047874
499,0.006423090118914843,0.0,0.006423090118914843,0.0072703552432358265,0.0,0.0072703552432358265
500,0.006417205557227135,0.0,0.006417205557227135,0.007258140482008457,0.0,0.007258140482008457
501,0.006411353591829538,0.0,0.006411353591829538,0.0072472598403692245,0.0,0.0072472598403692245
502,0.0064055342227220535,0.0,0.0064055342227220535,0.007233249023556709,0.0,0.007233249023556709
503,0.006399746984243393,0.0,0.006399746984243393,0.00722288666293025,0.0,0.00722288666293025
504,0.00639398954808712,0.0,0.00639398954808712,0.007209508679807186,0.0,0.007209508679807186
505,0.006388265173882246,0.0,0.006388265173882246,0.007197533268481493,0.0,0.007197533268481493
506,0.0063825673423707485,0.0,0.0063825673423707485,0.007185978814959526,0.0,0.007185978814959526
507,0.006376903038471937,0.0,0.006376903038471937,0.007172430399805307,0.0,0.007172430399805307
508,0.006371266674250364,0.0,0.006371266674250364,0.007161594927310944,0.0,0.007161594927310944
509,0.006365658715367317,0.0,0.006365658715367317,0.007148171309381723,0.0,0.007148171309381723
510,0.006360081490129232,0.0,0.006360081490129232,0.007136391941457987,0.0,0.007136391941457987
511,0.0063545312732458115,0.0,0.0063545312732458115,0.007124262396246195,0.0,0.007124262396246195
512,0.0063490066677331924,0.0,0.0063490066677331924,0.007111171260476112,0.0,0.007111171260476112
513,0.006343515124171972,0.0,0.006343515124171972,0.007099886890500784,0.0,0.007099886890500784
514,0.006338047794997692,0.0,0.006338047794997692,0.007086525205522776,0.0,0.007086525205522776
515,0.006332607474178076,0.0,0.006332607474178076,0.007074860855937004,0.0,0.007074860855937004
516,0.006327193230390549,0.0,0.006327193230390549,0.007062275428324938,0.0,0.007062275428324938
517,0.006321805529296398,0.0,0.006321805529296398,0.007049632724374533,0.0,0.007049632724374533
518,0.0063164448365569115,0.0,0.0063164448365569115,0.007037889678031206,0.0,0.007037889678031206
519,0.00631110742688179,0.0,0.00631110742688179,0.007024701219052076,0.0,0.007024701219052076
520,0.006305797956883907,0.0,0.006305797956883907,0.007013045251369476,0.0,0.007013045251369476
521,0.00630051176995039,0.0,0.00630051176995039,0.007000138517469168,0.0,0.007000138517469168
522,0.006295247934758663,0.0,0.006295247934758663,0.0069879209622740746,0.0,0.0069879209622740746
523,0.006290009245276451,0.0,0.006290009245276451,0.006975679658353329,0.0,0.006975679658353329
524,0.006284795235842466,0.0,0.006284795235842466,0.006962836720049381,0.0,0.006962836720049381
525,0.0062796068377792835,0.0,0.0062796068377792835,0.0069509828463196754,0.0,0.0069509828463196754
526,0.006274440325796604,0.0,0.006274440325796604,0.006938042584806681,0.0,0.006938042584806681
527,0.006269298959523439,0.0,0.006269298959523439,0.0069260019809007645,0.0,0.0069260019809007645
528,0.006264179013669491,0.0,0.006264179013669491,0.006913458462804556,0.0,0.006913458462804556
529,0.006259080953896046,0.0,0.006259080953896046,0.006900939624756575,0.0,0.006900939624756575
530,0.006254003848880529,0.0,0.006254003848880529,0.006888830102980137,0.0,0.006888830102980137
531,0.00624895328655839,0.0,0.00624895328655839,0.006876026280224323,0.0,0.006876026280224323
532,0.006243920885026455,0.0,0.006243920885026455,0.006864018738269806,0.0,0.006864018738269806
533,0.006238911766558886,0.0,0.006238911766558886,0.0068513015285134315,0.0,0.0068513015285134315
534,0.00623392453417182,0.0,0.00623392453417182,0.006839112378656864,0.0,0.006839112378656864
535,0.006228956393897533,0.0,0.006228956393897533,0.006826677825301886,0.0,0.006826677825301886
536,0.0062240129336714745,0.0,0.0062240129336714745,0.006814213003963232,0.0,0.006814213003963232
537,0.006219087168574333,0.0,0.006219087168574333,0.006802028510719538,0.0,0.006802028510719538
538,0.00621418422088027,0.0,0.00621418422088027,0.006789425853639841,0.0,0.006789425853639841
539,0.0062093003652989864,0.0,0.0062093003652989864,0.006777333095669746,0.0,0.006777333095669746
540,0.006204434670507908,0.0,0.006204434670507908,0.006764773279428482,0.0,0.006764773279428482
541,0.006199593190103769,0.0,0.006199593190103769,0.0067526111379265785,0.0,0.0067526111379265785
542,0.006194769870489836,0.0,0.006194769870489836,0.0067402031272649765,0.0,0.0067402031272649765
543,0.006189965642988682,0.0,0.006189965642988682,0.006727898959070444,0.0,0.006727898959070444
544,0.006185178644955158,0.0,0.006185178644955158,0.0067157079465687275,0.0,0.0067157079465687275
545,0.0061804139986634254,0.0,0.0061804139986634254,0.006703255698084831,0.0,0.006703255698084831
546,0.006175667978823185,0.0,0.006175667978823185,0.006691215559840202,0.0,0.006691215559840202
547,0.006170941516757011,0.0,0.006170941516757011,0.006678730249404907,0.0,0.006678730249404907
548,0.006166230887174606,0.0,0.006166230887174606,0.006666729226708412,0.0,0.006666729226708412
549,0.0061615402810275555,0.0,0.0061615402810275555,0.006654316559433937,0.0,0.006654316559433937
550,0.006156868766993284,0.0,0.006156868766993284,0.006642275024205446,0.0,0.006642275024205446
551,0.006152214482426643,0.0,0.006152214482426643,0.00662997318431735,0.0,0.00662997318431735
552,0.006147576496005058,0.0,0.006147576496005058,0.006617874838411808,0.0,0.006617874838411808
553,0.006142958998680115,0.0,0.006142958998680115,0.006605743430554867,0.0,0.006605743430554867
554,0.006138357799500227,0.0,0.006138357799500227,0.006593524012714624,0.0,0.006593524012714624
555,0.006133777089416981,0.0,0.006133777089416981,0.006581572350114584,0.0,0.006581572350114584
556,0.006129210814833641,0.0,0.006129210814833641,0.006569289602339268,0.0,0.006569289602339268
557,0.006124663166701794,0.0,0.006124663166701794,0.006557431537657976,0.0,0.006557431537657976
558,0.00612013041973114,0.0,0.00612013041973114,0.006545192562043667,0.0,0.006545192562043667
559,0.00611561443656683,0.0,0.00611561443656683,0.006533339153975248,0.0,0.006533339153975248
560,0.006111119873821735,0.0,0.006111119873821735,0.006521215196698904,0.0,0.006521215196698904
561,0.0061066350899636745,0.0,0.0061066350899636745,0.0065093254670500755,0.0,0.0065093254670500755
562,0.006102172192186117,0.0,0.006102172192186117,0.006497304420918226,0.0,0.006497304420918226
563,0.006097722798585892,0.0,0.006097722798585892,0.006485431455075741,0.0,0.006485431455075741
564,0.006093289703130722,0.0,0.006093289703130722,0.006473518908023834,0.0,0.006473518908023834
565,0.00608887430280447,0.0,0.00608887430280447,0.006461600307375193,0.0,0.006461600307375193
566,0.006084475200623274,0.0,0.006084475200623274,0.00644981674849987,0.0,0.00644981674849987
567,0.006080091465264559,0.0,0.006080091465264559,0.006437906064093113,0.0,0.006437906064093113
568,0.006075720768421888,0.0,0.006075720768421888,0.006426207721233368,0.0,0.006426207721233368
569,0.006071368232369423,0.0,0.006071368232369423,0.006414350587874651,0.0,0.006414350587874651
570,0.0060670278035104275,0.0,0.0060670278035104275,0.006402691826224327,0.0,0.006402691826224327
571,0.006062705535441637,0.0,0.006062705535441637,0.006390892434865236,0.0,0.006390892434865236
572,0.006058397702872753,0.0,0.006058397702872753,0.006379278376698494,0.0,0.006379278376698494
573,0.006054107565432787,0.0,0.006054107565432787,0.006367573514580727,0.0,0.006367573514580727
574,0.006049828138202429,0.0,0.006049828138202429,0.006355977151542902,0.0,0.006355977151542902
575,0.006045563146471977,0.0,0.006045563146471977,0.006344374734908342,0.0,0.006344374734908342
576,0.006041314452886581,0.0,0.006041314452886581,0.006332793273031712,0.0,0.006332793273031712
577,0.0060370806604623795,0.0,0.0060370806604623795,0.006321300752460957,0.0,0.006321300752460957
578,0.006032859906554222,0.0,0.006032859906554222,0.006309715565294027,0.0,0.006309715565294027
579,0.006028654519468546,0.0,0.006028654519468546,0.006298355292528868,0.0,0.006298355292528868
580,0.006024463102221489,0.0,0.006024463102221489,0.006286771036684513,0.0,0.006286771036684513
581,0.006020283326506615,0.0,0.006020283326506615,0.006275547202676535,0.0,0.006275547202676535
582,0.0060161203145980835,0.0,0.0060161203145980835,0.00626393873244524,0.0,0.00626393873244524
583,0.006011969409883022,0.0,0.006011969409883022,0.006252882536500692,0.0,0.006252882536500692
584,0.0060078357346355915,0.0,0.0060078357346355915,0.006241231225430965,0.0,0.006241231225430965
585,0.006003707647323608,0.0,0.006003707647323608,0.0062303701415658,0.0,0.0062303701415658
586,0.005999600049108267,0.0,0.005999600049108267,0.006218638736754656,0.0,0.006218638736754656
587,0.005995503161102533,0.0,0.005995503161102533,0.006208033766597509,0.0,0.006208033766597509
588,0.005991421639919281,0.0,0.005991421639919281,0.006196132395416498,0.0,0.006196132395416498
589,0.005987351294606924,0.0,0.005987351294606924,0.006185892503708601,0.0,0.006185892503708601
590,0.0059832921251654625,0.0,0.0059832921251654625,0.006173714064061642,0.0,0.006173714064061642
591,0.0059792473912239075,0.0,0.0059792473912239075,0.006163977086544037,0.0,0.006163977086544037
592,0.005975215695798397,0.0,0.005975215695798397,0.006151335779577494,0.0,0.006151335779577494
593,0.005971195641905069,0.0,0.005971195641905069,0.006142354570329189,0.0,0.006142354570329189
594,0.005967187229543924,0.0,0.005967187229543924,0.006128900218755007,0.0,0.006128900218755007
595,0.005963191855698824,0.0,0.005963191855698824,0.006121165119111538,0.0,0.006121165119111538
596,0.005959210451692343,0.0,0.005959210451692343,0.006106228567659855,0.0,0.006106228567659855
597,0.005955240689218044,0.0,0.005955240689218044,0.006100641563534737,0.0,0.006100641563534737
598,0.005951283033937216,0.0,0.005951283033937216,0.006083015818148851,0.0,0.006083015818148851
599,0.00594733702018857,0.0,0.00594733702018857,0.006081230938434601,0.0,0.006081230938434601
600,0.005943406373262405,0.0,0.005943406373262405,0.006058653350919485,0.0,0.006058653350919485
601,0.005939486902207136,0.0,0.005939486902207136,0.0060637895949184895,0.0,0.0060637895949184895
602,0.005935584660619497,0.0,0.005935584660619497,0.006031948607414961,0.0,0.006031948607414961
603,0.005931703839451075,0.0,0.005931703839451075,0.006050002295523882,0.0,0.006050002295523882
604,0.005927850026637316,0.0,0.005927850026637316,0.006000516936182976,0.0,0.006000516936182976
605,0.005924037657678127,0.0,0.005924037657678127,0.006043342873454094,0.0,0.006043342873454094
606,0.0059202988632023335,0.0,0.0059202988632023335,0.0059594567865133286,0.0,0.0059594567865133286
607,0.005916688125580549,0.0,0.005916688125580549,0.006050965748727322,0.0,0.006050965748727322
608,0.005913331173360348,0.0,0.005913331173360348,0.005898659583181143,0.0,0.005898659583181143
609,0.005910458974540234,0.0,0.005910458974540234,0.006088086869567633,0.0,0.006088086869567633
610,0.00590857770293951,0.0,0.00590857770293951,0.005797118879854679,0.0,0.005797118879854679
611,0.005908688064664602,0.0,0.005908688064664602,0.006187223829329014,0.0,0.006187223829329014
612,0.0059129358269274235,0.0,0.0059129358269274235,0.005612688139081001,0.0,0.005612688139081001
613,0.005925486329942942,0.0,0.005925486329942942,0.006415719632059336,0.0,0.006415719632059336
614,0.005955102387815714,0.0,0.005955102387815714,0.005275143310427666,0.0,0.005275143310427666
615,0.006015998311340809,0.0,0.006015998311340809,0.006876882631331682,0.0,0.006876882631331682
616,0.006132367067039013,0.0,0.006132367067039013,0.004763891454786062,0.0,0.004763891454786062
617,0.006307350005954504,0.0,0.006307350005954504,0.007445161696523428,0.0,0.007445161696523428
618,0.006499338895082474,0.0,0.006499338895082474,0.0044916411861777306,0.0,0.0044916411861777306
619,0.006506224628537893,0.0,0.006506224628537893,0.006999572739005089,0.0,0.006999572739005089
620,0.006249045021831989,0.0,0.006249045021831989,0.005308087449520826,0.0,0.005308087449520826
621,0.005925522185862064,0.0,0.005925522185862064,0.005407754797488451,0.0,0.005407754797488451
622,0.005891211796551943,0.0,0.005891211796551943,0.006638029590249062,0.0,0.006638029590249062
623,0.0060970536433160305,0.0,0.0060970536433160305,0.004704051185399294,0.0,0.004704051185399294
624,0.006185282487422228,0.0,0.006185282487422228,0.0064367023296654224,0.0,0.0064367023296654224
625,0.006019129883497953,0.0,0.006019129883497953,0.005518370307981968,0.0,0.005518370307981968
626,0.005851935129612684,0.0,0.005851935129612684,0.005171033088117838,0.0,0.005171033088117838
627,0.005916134919971228,0.0,0.005916134919971228,0.006498280446976423,0.0,0.006498280446976423
628,0.006040812470018864,0.0,0.006040812470018864,0.004980044439435005,0.0,0.004980044439435005
629,0.0059848567470908165,0.0,0.0059848567470908165,0.005893333815038204,0.0,0.005893333815038204
630,0.005851388443261385,0.0,0.005851388443261385,0.005942738614976406,0.0,0.005942738614976406
631,0.005855387542396784,0.0,0.005855387542396784,0.005057078320533037,0.0,0.005057078320533037
632,0.005943816155195236,0.0,0.005943816155195236,0.00627931859344244,0.0,0.00627931859344244
633,0.0059317355044186115,0.0,0.0059317355044186115,0.005408116150647402,0.0,0.005408116150647402
634,0.005839531775563955,0.0,0.005839531775563955,0.005471393931657076,0.0,0.005471393931657076
635,0.0058272844180464745,0.0,0.0058272844180464745,0.006160309538245201,0.0,0.006160309538245201
636,0.005885766353458166,0.0,0.005885766353458166,0.005172484554350376,0.0,0.005172484554350376
637,0.005883804988116026,0.0,0.005883804988116026,0.0058779423125088215,0.0,0.0058779423125088215
638,0.005822770297527313,0.0,0.005822770297527313,0.00576501851901412,0.0,0.00576501851901412
639,0.0058081066235899925,0.0,0.0058081066235899925,0.005252012517303228,0.0,0.005252012517303228
640,0.005844877101480961,0.0,0.005844877101480961,0.006030252669006586,0.0,0.006030252669006586
641,0.0058470964431762695,0.0,0.0058470964431762695,0.005399158224463463,0.0,0.005399158224463463
642,0.005805913358926773,0.0,0.005805913358926773,0.005499810911715031,0.0,0.005499810911715031
643,0.0057921027764678,0.0,0.0057921027764678,0.005881858989596367,0.0,0.005881858989596367
644,0.005814815871417522,0.0,0.005814815871417522,0.0052419863641262054,0.0,0.0052419863641262054
645,0.005817366298288107,0.0,0.005817366298288107,0.005736047867685556,0.0,0.005736047867685556
646,0.005789990536868572,0.0,0.005789990536868572,0.005597890354692936,0.0,0.005597890354692936
647,0.005777443293482065,0.0,0.005777443293482065,0.005308056250214577,0.0,0.005308056250214577
648,0.00579049251973629,0.0,0.00579049251973629,0.005805698223412037,0.0,0.005805698223412037
649,0.005793476942926645,0.0,0.005793476942926645,0.005365332588553429,0.0,0.005365332588553429
650,0.0057751149870455265,0.0,0.0057751149870455265,0.005500005558133125,0.0,0.005500005558133125
651,0.005763669963926077,0.0,0.005763669963926077,0.005697605665773153,0.0,0.005697605665773153
652,0.005770151503384113,0.0,0.005770151503384113,0.0052998969331383705,0.0,0.0052998969331383705
653,0.005772849544882774,0.0,0.005772849544882774,0.005666791461408138,0.0,0.005666791461408138
654,0.0057609351351857185,0.0,0.0057609351351857185,0.005508145317435265,0.0,0.005508145317435265
655,0.0057505653239786625,0.0,0.0057505653239786625,0.005389689933508635,0.0,0.005389689933508635
656,0.005752381402999163,0.0,0.005752381402999163,0.005694929044693708,0.0,0.005694929044693708
657,0.005754600744694471,0.0,0.005754600744694471,0.005374098662286997,0.0,0.005374098662286997
658,0.005747107323259115,0.0,0.005747107323259115,0.005540141835808754,0.0,0.005540141835808754
659,0.005738023668527603,0.0,0.005738023668527603,0.005585104692727327,0.0,0.005585104692727327
660,0.005736583843827248,0.0,0.005736583843827248,0.005360553506761789,0.0,0.005360553506761789
661,0.005737787578254938,0.0,0.005737787578254938,0.005622866563498974,0.0,0.005622866563498974
662,0.005733373574912548,0.0,0.005733373574912548,0.005437516141682863,0.0,0.005437516141682863
663,0.005725829396396875,0.0,0.005725829396396875,0.005443127825856209,0.0,0.005443127825856209
664,0.005722286645323038,0.0,0.005722286645323038,0.005580238066613674,0.0,0.005580238066613674
665,0.005722134839743376,0.0,0.005722134839743376,0.005357225891202688,0.0,0.005357225891202688
666,0.005719531327486038,0.0,0.005719531327486038,0.005525749642401934,0.0,0.005525749642401934
667,0.00571370217949152,0.0,0.00571370217949152,0.005457407794892788,0.0,0.005457407794892788
668,0.005709114484488964,0.0,0.005709114484488964,0.005376225803047419,0.0,0.005376225803047419
669,0.005707480479031801,0.0,0.005707480479031801,0.005528258625417948,0.0,0.005528258625417948
670,0.005705636460334063,0.0,0.005705636460334063,0.005356450565159321,0.0,0.005356450565159321
671,0.005701383575797081,0.0,0.005701383575797081,0.0054407548159360886,0.0,0.0054407548159360886
672,0.005696666426956654,0.0,0.005696666426956654,0.005446585360914469,0.0,0.005446585360914469
673,0.005693778395652771,0.0,0.005693778395652771,0.0053375521674752235,0.0,0.0053375521674752235
674,0.005691833328455687,0.0,0.005691833328455687,0.0054681915789842606,0.0,0.0054681915789842606
675,0.0056887343525886536,0.0,0.0056887343525886536,0.005353918299078941,0.0,0.005353918299078941
676,0.005684520583599806,0.0,0.005684520583599806,0.005381775554269552,0.0,0.005381775554269552
677,0.005680891219526529,0.0,0.005680891219526529,0.005422542802989483,0.0,0.005422542802989483
678,0.005678373388946056,0.0,0.005678373388946056,0.005317016504704952,0.0,0.005317016504704952
679,0.005675794091075659,0.0,0.005675794091075659,0.005415764637291431,0.0,0.005415764637291431
680,0.005672309082001448,0.0,0.005672309082001448,0.005344961304217577,0.0,0.005344961304217577
681,0.0056685530580580235,0.0,0.0056685530580580235,0.005341014359146357,0.0,0.005341014359146357
682,0.005665430333465338,0.0,0.005665430333465338,0.005390469450503588,0.0,0.005390469450503588
683,0.005662789102643728,0.0,0.005662789102643728,0.005299650132656097,0.0,0.005299650132656097
684,0.005659844726324081,0.0,0.005659844726324081,0.0053689144551754,0.0,0.0053689144551754
685,0.005656398832798004,0.0,0.005656398832798004,0.005324540659785271,0.0,0.005324540659785271
686,0.005652986001223326,0.0,0.005652986001223326,0.005305880215018988,0.0,0.005305880215018988
687,0.005650007165968418,0.0,0.005650007165968418,0.005350715480744839,0.0,0.005350715480744839
688,0.005647198762744665,0.0,0.005647198762744665,0.005276244133710861,0.0,0.005276244133710861
689,0.00564412958920002,0.0,0.00564412958920002,0.005323836579918861,0.0,0.005323836579918861
690,0.00564081035554409,0.0,0.00564081035554409,0.0052936505526304245,0.0,0.0052936505526304245
691,0.005637581925839186,0.0,0.005637581925839186,0.005271462723612785,0.0,0.005271462723612785
692,0.005634608678519726,0.0,0.005634608678519726,0.005307492800056934,0.0,0.005307492800056934
693,0.005631695035845041,0.0,0.005631695035845041,0.005247877910733223,0.0,0.005247877910733223
694,0.005628617946058512,0.0,0.005628617946058512,0.005282054655253887,0.0,0.005282054655253887
695,0.005625405814498663,0.0,0.005625405814498663,0.0052588628605008125,0.0,0.0052588628605008125
696,0.005622261669486761,0.0,0.005622261669486761,0.005239658057689667,0.0,0.005239658057689667
697,0.005619265139102936,0.0,0.005619265139102936,0.005266648251563311,0.0,0.005266648251563311
698,0.005616303067654371,0.0,0.005616303067654371,0.005219506099820137,0.0,0.005219506099820137
699,0.0056132483296096325,0.0,0.0056132483296096325,0.0052459267899394035,0.0,0.0052459267899394035
700,0.005610107909888029,0.0,0.005610107909888029,0.00522551080211997,0.0,0.00522551080211997
701,0.005607006140053272,0.0,0.005607006140053272,0.005211940035223961,0.0,0.005211940035223961
702,0.005603990517556667,0.0,0.005603990517556667,0.005230337847024202,0.0,0.005230337847024202
703,0.005601006094366312,0.0,0.005601006094366312,0.005193124990910292,0.0,0.005193124990910292
704,0.005597973708063364,0.0,0.005597973708063364,0.005214509554207325,0.0,0.005214509554207325
705,0.00559488870203495,0.0,0.00559488870203495,0.005194320343434811,0.0,0.005194320343434811
706,0.005591812077909708,0.0,0.005591812077909708,0.005186782218515873,0.0,0.005186782218515873
707,0.005588782951235771,0.0,0.005588782951235771,0.005196785554289818,0.0,0.005196785554289818
708,0.0055857873521745205,0.0,0.0055857873521745205,0.005167727824300528,0.0,0.005167727824300528
709,0.005582771729677916,0.0,0.005582771729677916,0.005184839013963938,0.0,0.005184839013963938
710,0.00557972677052021,0.0,0.00557972677052021,0.005163945723325014,0.0,0.005163945723325014
711,0.00557666877284646,0.0,0.00557666877284646,0.005161993205547333,0.0,0.005161993205547333
712,0.005573636386543512,0.0,0.005573636386543512,0.00516405887901783,0.0,0.00516405887901783
713,0.005570629611611366,0.0,0.005570629611611366,0.005142624024301767,0.0,0.005142624024301767
714,0.005567625164985657,0.0,0.005567625164985657,0.00515531562268734,0.0,0.00515531562268734
715,0.0055646030232310295,0.0,0.0055646030232310295,0.005134536884725094,0.0,0.005134536884725094
716,0.00556156923994422,0.0,0.00556156923994422,0.005137135740369558,0.0,0.005137135740369558
717,0.005558537784963846,0.0,0.005558537784963846,0.0051323710940778255,0.0,0.0051323710940778255
718,0.005555523093789816,0.0,0.005555523093789816,0.005118671339005232,0.0,0.005118671339005232
719,0.005552519578486681,0.0,0.005552519578486681,0.005126283038407564,0.0,0.005126283038407564
720,0.005549512803554535,0.0,0.005549512803554535,0.005107594188302755,0.0,0.005107594188302755
721,0.005546497646719217,0.0,0.005546497646719217,0.005112863145768642,0.0,0.005112863145768642
722,0.005543477833271027,0.0,0.005543477833271027,0.005103065632283688,0.0,0.005103065632283688
723,0.005540461279451847,0.0,0.005540461279451847,0.0050966572016477585,0.0,0.0050966572016477585
724,0.005537454504519701,0.0,0.005537454504519701,0.005098546389490366,0.0,0.005098546389490366
725,0.005534451920539141,0.0,0.005534451920539141,0.005083950702100992,0.0,0.005083950702100992
726,0.005531447473913431,0.0,0.005531447473913431,0.005089309066534042,0.0,0.005089309066534042
727,0.005528440233319998,0.0,0.005528440233319998,0.005076805129647255,0.0,0.005076805129647255
728,0.005525427870452404,0.0,0.005525427870452404,0.00507615739479661,0.0,0.00507615739479661
729,0.005522421095520258,0.0,0.005522421095520258,0.005072111263871193,0.0,0.005072111263871193
730,0.00551941804587841,0.0,0.00551941804587841,0.005063178017735481,0.0,0.005063178017735481
731,0.005516418255865574,0.0,0.005516418255865574,0.005065579432994127,0.0,0.005065579432994127
732,0.005513415671885014,0.0,0.005513415671885014,0.0050535649061203,0.0,0.0050535649061203
733,0.005510413553565741,0.0,0.005510413553565741,0.0050556473433971405,0.0,0.0050556473433971405
734,0.005507409106940031,0.0,0.005507409106940031,0.0050472053699195385,0.0,0.0050472053699195385
735,0.0055044046603143215,0.0,0.0055044046603143215,0.0050438628531992435,0.0,0.0050438628531992435
736,0.005501405335962772,0.0,0.005501405335962772,0.005041515454649925,0.0,0.005041515454649925
737,0.005498403683304787,0.0,0.005498403683304787,0.005032986402511597,0.0,0.005032986402511597
738,0.00549540389329195,0.0,0.00549540389329195,0.005034188274294138,0.0,0.005034188274294138
739,0.005492404103279114,0.0,0.005492404103279114,0.0050245895981788635,0.0,0.0050245895981788635
740,0.005489402916282415,0.0,0.005489402916282415,0.005024792160838842,0.0,0.005024792160838842
741,0.005486402194947004,0.0,0.005486402194947004,0.005018172785639763,0.0,0.005018172785639763
742,0.005483399145305157,0.0,0.005483399145305157,0.005014532245695591,0.0,0.005014532245695591
743,0.0054803998209536076,0.0,0.0054803998209536076,0.005012106616050005,0.0,0.005012106616050005
744,0.005477400496602058,0.0,0.005477400496602058,0.0050051044672727585,0.0,0.0050051044672727585
745,0.005474400240927935,0.0,0.005474400240927935,0.005005104001611471,0.0,0.005005104001611471
746,0.005471399519592524,0.0,0.005471399519592524,0.004997381940484047,0.0,0.004997381940484047
747,0.005468397401273251,0.0,0.005468397401273251,0.004996905103325844,0.0,0.004996905103325844
748,0.0054653966799378395,0.0,0.0054653966799378395,0.00499099213629961,0.0,0.00499099213629961
749,0.005462393630295992,0.0,0.005462393630295992,0.004988187458366156,0.0,0.004988187458366156
750,0.005459391046315432,0.0,0.005459391046315432,0.004985077306628227,0.0,0.004985077306628227
751,0.005456389393657446,0.0,0.005456389393657446,0.004979895893484354,0.0,0.004979895893484354
752,0.005453388672322035,0.0,0.005453388672322035,0.004978815093636513,0.0,0.004978815093636513
753,0.005450387019664049,0.0,0.005450387019664049,0.004972596187144518,0.0,0.004972596187144518
754,0.005447380244731903,0.0,0.005447380244731903,0.0049718585796654224,0.0,0.0049718585796654224
755,0.005444377660751343,0.0,0.005444377660751343,0.004966245964169502,0.0,0.004966245964169502
756,0.005441373214125633,0.0,0.005441373214125633,0.004964470397680998,0.0,0.004964470397680998
757,0.005438365042209625,0.0,0.005438365042209625,0.004960506688803434,0.0,0.004960506688803434
758,0.005435359664261341,0.0,0.005435359664261341,0.004957136698067188,0.0,0.004957136698067188
759,0.005432352423667908,0.0,0.005432352423667908,0.004954857751727104,0.0,0.004954857751727104
760,0.005429344717413187,0.0,0.005429344717413187,0.004950234666466713,0.0,0.004950234666466713
761,0.005426337942481041,0.0,0.005426337942481041,0.004948966205120087,0.0,0.004948966205120087
762,0.005423327907919884,0.0,0.005423327907919884,0.00494400504976511,0.0,0.00494400504976511
763,0.005420317407697439,0.0,0.005420317407697439,0.004942829720675945,0.0,0.004942829720675945
764,0.00541730597615242,0.0,0.00541730597615242,0.004938372410833836,0.0,0.004938372410833836
765,0.005414294078946114,0.0,0.005414294078946114,0.004936577752232552,0.0,0.004936577752232552
766,0.005411278922110796,0.0,0.005411278922110796,0.0049331169575452805,0.0,0.0049331169575452805
767,0.005408266559243202,0.0,0.005408266559243202,0.004930467810481787,0.0,0.004930467810481787
768,0.005405250936746597,0.0,0.005405250936746597,0.004928035661578178,0.0,0.004928035661578178
769,0.005402234382927418,0.0,0.005402234382927418,0.004924701061099768,0.0,0.004924701061099768
770,0.005399215966463089,0.0,0.005399215966463089,0.004923008847981691,0.0,0.004923008847981691
771,0.005396196153014898,0.0,0.005396196153014898,0.004919320344924927,0.0,0.004919320344924927
772,0.005393176339566708,0.0,0.005393176339566708,0.004917986690998077,0.0,0.004917986690998077
773,0.00539015606045723,0.0,0.00539015606045723,0.004914343357086182,0.0,0.004914343357086182
774,0.005387133453041315,0.0,0.005387133453041315,0.0049130115658044815,0.0,0.0049130115658044815
775,0.005384108517318964,0.0,0.005384108517318964,0.004909707233309746,0.0,0.004909707233309746
776,0.005381083581596613,0.0,0.005381083581596613,0.0049081663601100445,0.0,0.0049081663601100445
777,0.0053780572488904,0.0,0.0053780572488904,0.0049053062684834,0.0,0.0049053062684834
778,0.005375029519200325,0.0,0.005375029519200325,0.004903485998511314,0.0,0.004903485998511314
779,0.005371998064219952,0.0,0.005371998064219952,0.004901120439171791,0.0,0.004901120439171791
780,0.005368969403207302,0.0,0.005368969403207302,0.004899018909782171,0.0,0.004899018909782171
781,0.005365937016904354,0.0,0.005365937016904354,0.00489709572866559,0.0,0.00489709572866559
782,0.005362904630601406,0.0,0.005362904630601406,0.004894797224551439,0.0,0.004894797224551439
783,0.005359868984669447,0.0,0.005359868984669447,0.0048932284116744995,0.0,0.0048932284116744995
784,0.005356831010431051,0.0,0.005356831010431051,0.004890786483883858,0.0,0.004890786483883858
785,0.0053537930361926556,0.0,0.0053537930361926556,0.004889516159892082,0.0,0.004889516159892082
786,0.005350753199309111,0.0,0.005350753199309111,0.004887025337666273,0.0,0.004887025337666273
787,0.005347712431102991,0.0,0.005347712431102991,0.004885971080511808,0.0,0.004885971080511808
788,0.005344668868929148,0.0,0.005344668868929148,0.0048834714107215405,0.0,0.0048834714107215405
789,0.00534162437543273,0.0,0.00534162437543273,0.004882602021098137,0.0,0.004882602021098137
790,0.005338578950613737,0.0,0.005338578950613737,0.004880101419985294,0.0,0.004880101419985294
791,0.005335532128810883,0.0,0.005335532128810883,0.004879463464021683,0.0,0.004879463464021683
792,0.00533248158171773,0.0,0.00533248158171773,0.004876921884715557,0.0,0.004876921884715557
793,0.005329431500285864,0.0,0.005329431500285864,0.004876524675637484,0.0,0.004876524675637484
794,0.005326380021870136,0.0,0.005326380021870136,0.004873903933912516,0.0,0.004873903933912516
795,0.005323327612131834,0.0,0.005323327612131834,0.004873804748058319,0.0,0.004873804748058319
796,0.005320270080119371,0.0,0.005320270080119371,0.004871057346463203,0.0,0.004871057346463203
797,0.005317212548106909,0.0,0.005317212548106909,0.0048713237047195435,0.0,0.0048713237047195435
798,0.005314154550433159,0.0,0.005314154550433159,0.00486832857131958,0.0,0.00486832857131958
799,0.005311095155775547,0.0,0.005311095155775547,0.004869118798524141,0.0,0.004869118798524141
800,0.005308032967150211,0.0,0.005308032967150211,0.004865667782723904,0.0,0.004865667782723904
801,0.00530496658757329,0.0,0.00530496658757329,0.00486722169443965,0.0,0.00486722169443965
802,0.005301902536302805,0.0,0.005301902536302805,0.004863010253757238,0.0,0.004863010253757238
803,0.005298835225403309,0.0,0.005298835225403309,0.004865727853029966,0.0,0.004865727853029966
804,0.005295769777148962,0.0,0.005295769777148962,0.004860263783484697,0.0,0.004860263783484697
805,0.005292700137943029,0.0,0.005292700137943029,0.004864751826971769,0.0,0.004864751826971769
806,0.0052896300330758095,0.0,0.0052896300330758095,0.004857254680246115,0.0,0.004857254680246115
807,0.00528655806556344,0.0,0.00528655806556344,0.00486449059098959,0.0,0.00486449059098959
808,0.0052834851667284966,0.0,0.0052834851667284966,0.004853679798543453,0.0,0.004853679798543453
809,0.005280415061861277,0.0,0.005280415061861277,0.004865407478064299,0.0,0.004865407478064299
810,0.005277344956994057,0.0,0.005277344956994057,0.004848928190767765,0.0,0.004848928190767765
811,0.005274277180433273,0.0,0.005274277180433273,0.0048682778142392635,0.0,0.0048682778142392635
812,0.005271215923130512,0.0,0.005271215923130512,0.004841968417167664,0.0,0.004841968417167664
813,0.00526816863566637,0.0,0.00526816863566637,0.004874488338828087,0.0,0.004874488338828087
814,0.005265142302960157,0.0,0.005265142302960157,0.004830877762287855,0.0,0.004830877762287855
815,0.005262158345431089,0.0,0.005262158345431089,0.00488675944507122,0.0,0.00488675944507122
816,0.005259247031062841,0.0,0.005259247031062841,0.004811972379684448,0.0,0.004811972379684448
817,0.005256473086774349,0.0,0.005256473086774349,0.004910276271402836,0.0,0.004910276271402836
818,0.0052539450116455555,0.0,0.0052539450116455555,0.004778205417096615,0.0,0.004778205417096615
819,0.0052518779411911964,0.0,0.0052518779411911964,0.004955219104886055,0.0,0.004955219104886055
820,0.005250668153166771,0.0,0.005250668153166771,0.004716003313660622,0.0,0.004716003313660622
821,0.005251074675470591,0.0,0.005251074675470591,0.005041925236582756,0.0,0.005041925236582756
822,0.005254541523754597,0.0,0.005254541523754597,0.004599694162607193,0.0,0.004599694162607193
823,0.00526380492374301,0.0,0.00526380492374301,0.005210230592638254,0.0,0.005210230592638254
824,0.005283983889967203,0.0,0.005283983889967203,0.004385639913380146,0.0,0.004385639913380146
825,0.0053242105059325695,0.0,0.0053242105059325695,0.005528343375772238,0.0,0.005528343375772238
826,0.005399432964622974,0.0,0.005399432964622974,0.004029951523989439,0.0,0.004029951523989439
827,0.005528303328901529,0.0,0.005528303328901529,0.006032193545252085,0.0,0.006032193545252085
828,0.0057179625146090984,0.0,0.0057179625146090984,0.0036305810790508986,0.0,0.0036305810790508986
829,0.005918916780501604,0.0,0.005918916780501604,0.0063214837573468685,0.0,0.0063214837573468685
830,0.005985108204185963,0.0,0.005985108204185963,0.0036973021924495697,0.0,0.0036973021924495697
831,0.00577361136674881,0.0,0.00577361136674881,0.005462812725454569,0.0,0.005462812725454569
832,0.005400435533374548,0.0,0.005400435533374548,0.004687587730586529,0.0,0.004687587730586529
833,0.005207972601056099,0.0,0.005207972601056099,0.004175679758191109,0.0,0.004175679758191109
834,0.005332334898412228,0.0,0.005332334898412228,0.005678821820765734,0.0,0.005678821820765734
835,0.005540712736546993,0.0,0.005540712736546993,0.003850933164358139,0.0,0.003850933164358139
836,0.00553611246868968,0.0,0.00553611246868968,0.005277109332382679,0.0,0.005277109332382679
837,0.005324306897819042,0.0,0.005324306897819042,0.00467266608029604,0.0,0.00467266608029604
838,0.005193556658923626,0.0,0.005193556658923626,0.004247684497386217,0.0,0.004247684497386217
839,0.005281236954033375,0.0,0.005281236954033375,0.00548517145216465,0.0,0.00548517145216465
840,0.0054002623073756695,0.0,0.0054002623073756695,0.004105936270207167,0.0,0.004105936270207167
841,0.00535300187766552,0.0,0.00535300187766552,0.005030467174947262,0.0,0.005030467174947262
842,0.0052161202766001225,0.0,0.0052161202766001225,0.0049029928632080555,0.0,0.0049029928632080555
843,0.005189108662307262,0.0,0.005189108662307262,0.004276607651263475,0.0,0.004276607651263475
844,0.0052737086080014706,0.0,0.0052737086080014706,0.005373872350901365,0.0,0.005373872350901365
845,0.005305642727762461,0.0,0.005305642727762461,0.004389522597193718,0.0,0.004389522597193718
846,0.005230848677456379,0.0,0.005230848677456379,0.004815501626580954,0.0,0.004815501626580954
847,0.005168387200683355,0.0,0.005168387200683355,0.005073586478829384,0.0,0.005073586478829384
848,0.005198183935135603,0.0,0.005198183935135603,0.004331085365265608,0.0,0.004331085365265608
849,0.005244864150881767,0.0,0.005244864150881767,0.005191264674067497,0.0,0.005191264674067497
850,0.005221846979111433,0.0,0.005221846979111433,0.004613809287548065,0.0,0.004613809287548065
851,0.005166477989405394,0.0,0.005166477989405394,0.004646064713597298,0.0,0.004646064713597298
852,0.00515948748216033,0.0,0.00515948748216033,0.0051067001186311245,0.0,0.0051067001186311245
853,0.005192759446799755,0.0,0.005192759446799755,0.004415524657815695,0.0,0.004415524657815695
854,0.005198691040277481,0.0,0.005198691040277481,0.0049971663393080235,0.0,0.0049971663393080235
855,0.005164517555385828,0.0,0.005164517555385828,0.004766985774040222,0.0,0.004766985774040222
856,0.00514165498316288,0.0,0.00514165498316288,0.004568955861032009,0.0,0.004568955861032009
857,0.005154827609658241,0.0,0.005154827609658241,0.005070716142654419,0.0,0.005070716142654419
858,0.005169857759028673,0.0,0.005169857759028673,0.0045308140106499195,0.0,0.0045308140106499195
859,0.005156694911420345,0.0,0.005156694911420345,0.004870162345468998,0.0,0.004870162345468998
860,0.005133474245667458,0.0,0.005133474245667458,0.0048708850517869,0.0,0.0048708850517869
861,0.005130188539624214,0.0,0.005130188539624214,0.004582865629345179,0.0,0.004582865629345179
862,0.005141669884324074,0.0,0.005141669884324074,0.005031110253185034,0.0,0.005031110253185034
863,0.005142185837030411,0.0,0.005142185837030411,0.004654911812394857,0.0,0.004654911812394857
864,0.00512724369764328,0.0,0.00512724369764328,0.004819384776055813,0.0,0.004819384776055813
865,0.005115823820233345,0.0,0.005115823820233345,0.004934078082442284,0.0,0.004934078082442284
866,0.005118315573781729,0.0,0.005118315573781729,0.00463832588866353,0.0,0.00463832588866353
867,0.005123265087604523,0.0,0.005123265087604523,0.004994444083422422,0.0,0.004994444083422422
868,0.005118044093251228,0.0,0.005118044093251228,0.0047453297302126884,0.0,0.0047453297302126884
869,0.005106993019580841,0.0,0.005106993019580841,0.004800579510629177,0.0,0.004800579510629177
870,0.0051018535159528255,0.0,0.0051018535159528255,0.004948537331074476,0.0,0.004948537331074476
871,0.005103946663439274,0.0,0.005103946663439274,0.004684546031057835,0.0,0.004684546031057835
872,0.00510441605001688,0.0,0.00510441605001688,0.00495157390832901,0.0,0.00495157390832901
873,0.005098416935652494,0.0,0.005098416935652494,0.00478758430108428,0.0,0.00478758430108428
874,0.005090934224426746,0.0,0.005090934224426746,0.0047883689403533936,0.0,0.0047883689403533936
875,0.005088023375719786,0.0,0.005088023375719786,0.004929610062390566,0.0,0.004929610062390566
876,0.005088485777378082,0.0,0.005088485777378082,0.00471128523349762,0.0,0.00471128523349762
877,0.005086917895823717,0.0,0.005086917895823717,0.004910798743367195,0.0,0.004910798743367195
878,0.005081685725599527,0.0,0.005081685725599527,0.0047993105836212635,0.0,0.0047993105836212635
879,0.005076320376247168,0.0,0.005076320376247168,0.0047835372388362885,0.0,0.0047835372388362885
880,0.005073860287666321,0.0,0.005073860287666321,0.004904115106910467,0.0,0.004904115106910467
881,0.005073036998510361,0.0,0.005073036998510361,0.004732068162411451,0.0,0.004732068162411451
882,0.005070767365396023,0.0,0.005070767365396023,0.004886610899120569,0.0,0.004886610899120569
883,0.005066432058811188,0.0,0.005066432058811188,0.004804361145943403,0.0,0.004804361145943403
884,0.005062149837613106,0.0,0.005062149837613106,0.0047918278723955154,0.0,0.0047918278723955154
885,0.005059581249952316,0.0,0.005059581249952316,0.004886227194219828,0.0,0.004886227194219828
886,0.005057959817349911,0.0,0.005057959817349911,0.004752869252115488,0.0,0.004752869252115488
887,0.005055523943156004,0.0,0.005055523943156004,0.004876003600656986,0.0,0.004876003600656986
888,0.005051868502050638,0.0,0.005051868502050638,0.00480634905397892,0.0,0.00480634905397892
889,0.005048151593655348,0.0,0.005048151593655348,0.0048044342547655106,0.0,0.0048044342547655106
890,0.005045386031270027,0.0,0.005045386031270027,0.004870301112532616,0.0,0.004870301112532616
891,0.005043279379606247,0.0,0.005043279379606247,0.00476823328062892,0.0,0.00476823328062892
892,0.005040827207267284,0.0,0.005040827207267284,0.004867098294198513,0.0,0.004867098294198513
893,0.005037643015384674,0.0,0.005037643015384674,0.004801379516720772,0.0,0.004801379516720772
894,0.005034263711422682,0.0,0.005034263711422682,0.004812129773199558,0.0,0.004812129773199558
895,0.0050313593819737434,0.0,0.0050313593819737434,0.004850008524954319,0.0,0.004850008524954319
896,0.005028934683650732,0.0,0.005028934683650732,0.004775236826390028,0.0,0.004775236826390028
897,0.005026467144489288,0.0,0.005026467144489288,0.004853839986026287,0.0,0.004853839986026287
898,0.005023590754717588,0.0,0.005023590754717588,0.00479092774912715,0.0,0.00479092774912715
899,0.00502047361806035,0.0,0.00502047361806035,0.004814647138118744,0.0,0.004814647138118744
900,0.005017515271902084,0.0,0.005017515271902084,0.0048283361829817295,0.0,0.0048283361829817295
901,0.005014874041080475,0.0,0.005014874041080475,0.004779984708875418,0.0,0.004779984708875418
902,0.005012345965951681,0.0,0.005012345965951681,0.0048402524553239346,0.0,0.0048402524553239346
903,0.0050096516497433186,0.0,0.0050096516497433186,0.0047830622643232346,0.0,0.0047830622643232346
904,0.005006748717278242,0.0,0.005006748717278242,0.004817185457795858,0.0,0.004817185457795858
905,0.005003827158361673,0.0,0.005003827158361673,0.004810964688658714,0.0,0.004810964688658714
906,0.0050010583363473415,0.0,0.0050010583363473415,0.004787767305970192,0.0,0.004787767305970192
907,0.004998435266315937,0.0,0.004998435266315937,0.004828804172575474,0.0,0.004828804172575474
908,0.0049958075396716595,0.0,0.0049958075396716595,0.004781603813171387,0.0,0.004781603813171387
909,0.004993068054318428,0.0,0.004993068054318428,0.004820117726922035,0.0,0.004820117726922035
910,0.004990244749933481,0.0,0.004990244749933481,0.004799066111445427,0.0,0.004799066111445427
911,0.0049874428659677505,0.0,0.0049874428659677505,0.004797696135938168,0.0,0.004797696135938168
912,0.004984736442565918,0.0,0.004984736442565918,0.004817756358534098,0.0,0.004817756358534098
913,0.004982094280421734,0.0,0.004982094280421734,0.004784812685102224,0.0,0.004784812685102224
914,0.004979439079761505,0.0,0.004979439079761505,0.004819435067474842,0.0,0.004819435067474842
915,0.004976722411811352,0.0,0.004976722411811352,0.0047907051630318165,0.0,0.0047907051630318165
916,0.004973968490958214,0.0,0.004973968490958214,0.0048050954937934875,0.0,0.0048050954937934875
917,0.0049712322652339935,0.0,0.0049712322652339935,0.00480519887059927,0.0,0.00480519887059927
918,0.004968549590557814,0.0,0.004968549590557814,0.004789835773408413,0.0,0.004789835773408413
919,0.004965899512171745,0.0,0.004965899512171745,0.004812993109226227,0.0,0.004812993109226227
920,0.004963249899446964,0.0,0.004963249899446964,0.004786126781255007,0.0,0.004786126781255007
921,0.004960570018738508,0.0,0.004960570018738508,0.004807716701179743,0.0,0.004807716701179743
922,0.004957871977239847,0.0,0.004957871977239847,0.004793477710336447,0.0,0.004793477710336447
923,0.004955178592354059,0.0,0.004955178592354059,0.004795379936695099,0.0,0.004795379936695099
924,0.004952512681484222,0.0,0.004952512681484222,0.004802707117050886,0.0,0.004802707117050886
925,0.004949870053678751,0.0,0.004949870053678751,0.0047865672968328,0.0,0.0047865672968328
926,0.004947235342115164,0.0,0.004947235342115164,0.004805144853889942,0.0,0.004805144853889942
927,0.004944592248648405,0.0,0.004944592248648405,0.004786388482898474,0.0,0.004786388482898474
928,0.004941937047988176,0.0,0.004941937047988176,0.004799384158104658,0.0,0.004799384158104658
929,0.004939280916005373,0.0,0.004939280916005373,0.004792362451553345,0.0,0.004792362451553345
930,0.004936638288199902,0.0,0.004936638288199902,0.0047907233238220215,0.0,0.0047907233238220215
931,0.0049340068362653255,0.0,0.0049340068362653255,0.004797984380275011,0.0,0.004797984380275011
932,0.004931390285491943,0.0,0.004931390285491943,0.004785085096955299,0.0,0.004785085096955299
933,0.00492877559736371,0.0,0.00492877559736371,0.004798398353159428,0.0,0.004798398353159428
934,0.004926157649606466,0.0,0.004926157649606466,0.00478493282571435,0.0,0.00478493282571435
935,0.004923538770526648,0.0,0.004923538770526648,0.004793622996658087,0.0,0.004793622996658087
936,0.004920921754091978,0.0,0.004920921754091978,0.004788281861692667,0.0,0.004788281861692667
937,0.004918312653899193,0.0,0.004918312653899193,0.004786911886185408,0.0,0.004786911886185408
938,0.004915711935609579,0.0,0.004915711935609579,0.004791157320141792,0.0,0.004791157320141792
939,0.004913121461868286,0.0,0.004913121461868286,0.004781921394169331,0.0,0.004781921394169331
940,0.0049105314537882805,0.0,0.0049105314537882805,0.004790869075804949,0.0,0.004790869075804949
941,0.004907945170998573,0.0,0.004907945170998573,0.004780320450663567,0.0,0.004780320450663567
942,0.004905362147837877,0.0,0.004905362147837877,0.004787165205925703,0.0,0.004787165205925703
943,0.004902778659015894,0.0,0.004902778659015894,0.004781183321028948,0.0,0.004781183321028948
944,0.00490020215511322,0.0,0.00490020215511322,0.00478186784312129,0.0,0.00478186784312129
945,0.0048976317048072815,0.0,0.0048976317048072815,0.004782460164278746,0.0,0.004782460164278746
946,0.004895066376775503,0.0,0.004895066376775503,0.004777232185006142,0.0,0.004777232185006142
947,0.004892503842711449,0.0,0.004892503842711449,0.004782311152666807,0.0,0.004782311152666807
948,0.004889950156211853,0.0,0.004889950156211853,0.0047744871117174625,0.0,0.0047744871117174625
949,0.004887396935373545,0.0,0.004887396935373545,0.004780111368745565,0.0,0.004780111368745565
950,0.004884847905486822,0.0,0.004884847905486822,0.004773614928126335,0.0,0.004773614928126335
951,0.004882301203906536,0.0,0.004882301203906536,0.004776488058269024,0.0,0.004776488058269024
952,0.004879758693277836,0.0,0.004879758693277836,0.004773668013513088,0.0,0.004773668013513088
953,0.004877222236245871,0.0,0.004877222236245871,0.004772482439875603,0.0,0.004772482439875603
954,0.004874688573181629,0.0,0.004874688573181629,0.004773497115820646,0.0,0.004773497115820646
955,0.00487216142937541,0.0,0.00487216142937541,0.004769071936607361,0.0,0.004769071936607361
956,0.004869639873504639,0.0,0.004869639873504639,0.00477238604798913,0.0,0.00477238604798913
957,0.004867120645940304,0.0,0.004867120645940304,0.004766686353832483,0.0,0.004766686353832483
958,0.004864604212343693,0.0,0.004864604212343693,0.0047701094299554825,0.0,0.0047701094299554825
959,0.004862091038376093,0.0,0.004862091038376093,0.00476521160453558,0.0,0.00476521160453558
960,0.004859582986682653,0.0,0.004859582986682653,0.004767040256410837,0.0,0.004767040256410837
961,0.004857079591602087,0.0,0.004857079591602087,0.004764200188219547,0.0,0.004764200188219547
962,0.004854577127844095,0.0,0.004854577127844095,0.004763702396303415,0.0,0.004763702396303415
963,0.0048520807176828384,0.0,0.0048520807176828384,0.00476315850391984,0.0,0.00476315850391984
964,0.004849589429795742,0.0,0.004849589429795742,0.004760563839226961,0.0,0.004760563839226961
965,0.004847101867198944,0.0,0.004847101867198944,0.004761730786412954,0.0,0.004761730786412954
966,0.0048446147702634335,0.0,0.0048446147702634335,0.004757912829518318,0.0,0.004757912829518318
967,0.00484213512390852,0.0,0.00484213512390852,0.004759810399264097,0.0,0.004759810399264097
968,0.00483965827152133,0.0,0.00483965827152133,0.004755761940032244,0.0,0.004755761940032244
969,0.004837185610085726,0.0,0.004837185610085726,0.004757465794682503,0.0,0.004757465794682503
970,0.004834713879972696,0.0,0.004834713879972696,0.004754004534333944,0.0,0.004754004534333944
971,0.004832248203456402,0.0,0.004832248203456402,0.004754876717925072,0.0,0.004754876717925072
972,0.004829784389585257,0.0,0.004829784389585257,0.004752420354634523,0.0,0.004752420354634523
973,0.004827327094972134,0.0,0.004827327094972134,0.004752241540700197,0.0,0.004752241540700197
974,0.004824868869036436,0.0,0.004824868869036436,0.004750855267047882,0.0,0.004750855267047882
975,0.004822418559342623,0.0,0.004822418559342623,0.0047496622428298,0.0,0.0047496622428298
976,0.004819970577955246,0.0,0.004819970577955246,0.0047492110170423985,0.0,0.0047492110170423985
977,0.004817523993551731,0.0,0.004817523993551731,0.004747204482555389,0.0,0.004747204482555389
978,0.004815082531422377,0.0,0.004815082531422377,0.004747425671666861,0.0,0.004747425671666861
979,0.004812643863260746,0.0,0.004812643863260746,0.004744888748973608,0.0,0.004744888748973608
980,0.004810209386050701,0.0,0.004810209386050701,0.004745529033243656,0.0,0.004745529033243656
981,0.004807776305824518,0.0,0.004807776305824518,0.004742703400552273,0.0,0.004742703400552273
982,0.004805348347872496,0.0,0.004805348347872496,0.004743507131934166,0.0,0.004743507131934166
983,0.004802921786904335,0.0,0.004802921786904335,0.004740618169307709,0.0,0.004740618169307709
984,0.004800500348210335,0.0,0.004800500348210335,0.004741442855447531,0.0,0.004741442855447531
985,0.004798079840838909,0.0,0.004798079840838909,0.0047386083751916885,0.0,0.0047386083751916885
986,0.004795662593096495,0.0,0.004795662593096495,0.004739359952509403,0.0,0.004739359952509403
987,0.004793250933289528,0.0,0.004793250933289528,0.004736616276204586,0.0,0.004736616276204586
988,0.004790840204805136,0.0,0.004790840204805136,0.004737303592264652,0.0,0.004737303592264652
989,0.00478843180462718,0.0,0.00478843180462718,0.004734653979539871,0.0,0.004734653979539871
990,0.004786026664078236,0.0,0.004786026664078236,0.004735293332487345,0.0,0.004735293332487345
991,0.004783625714480877,0.0,0.004783625714480877,0.004732709378004074,0.0,0.004732709378004074
992,0.0047812266275286674,0.0,0.0047812266275286674,0.004733322653919458,0.0,0.004733322653919458
993,0.00477882893756032,0.0,0.00477882893756032,0.004730755928903818,0.0,0.004730755928903818
994,0.004776436369866133,0.0,0.004776436369866133,0.004731457214802504,0.0,0.004731457214802504
995,0.0047740451991558075,0.0,0.0047740451991558075,0.004728786647319794,0.0,0.004728786647319794
996,0.004771655425429344,0.0,0.004771655425429344,0.004729661624878645,0.0,0.004729661624878645
997,0.0047692712396383286,0.0,0.0047692712396383286,0.004726758226752281,0.0,0.004726758226752281
998,0.0047668879851698875,0.0,0.0047668879851698875,0.004727991297841072,0.0,0.004727991297841072
999,0.004764505662024021,0.0,0.004764505662024021,0.004724670201539993,0.0,0.004724670201539993
1000,0.004762128461152315,0.0,0.004762128461152315,0.004726489074528217,0.0,0.004726489074528217
1001,0.004759753122925758,0.0,0.004759753122925758,0.004722439218312502,0.0,0.004722439218312502
1002,0.004757380113005638,0.0,0.004757380113005638,0.00472521036863327,0.0,0.00472521036863327
1003,0.004755008965730667,0.0,0.004755008965730667,0.004720019176602364,0.0,0.004720019176602364
1004,0.004752642009407282,0.0,0.004752642009407282,0.00472426600754261,0.0,0.00472426600754261
1005,0.004750274587422609,0.0,0.004750274587422609,0.004717262927442789,0.0,0.004717262927442789
1006,0.004747913219034672,0.0,0.004747913219034672,0.004723843652755022,0.0,0.004723843652755022
1007,0.004745550453662872,0.0,0.004745550453662872,0.004713934380561113,0.0,0.004713934380561113
1008,0.0047431932762265205,0.0,0.0047431932762265205,0.00472426088526845,0.0,0.00472426088526845
1009,0.004740839824080467,0.0,0.004740839824080467,0.004709647968411446,0.0,0.004709647968411446
1010,0.004738491494208574,0.0,0.004738491494208574,0.004726054146885872,0.0,0.004726054146885872
1011,0.004736149217933416,0.0,0.004736149217933416,0.0047036646865308285,0.0,0.0047036646865308285
1012,0.004733815789222717,0.0,0.004733815789222717,0.004730203188955784,0.0,0.004730203188955784
1013,0.004731498192995787,0.0,0.004731498192995787,0.004694710951298475,0.0,0.004694710951298475
1014,0.004729204811155796,0.0,0.004729204811155796,0.0047384463250637054,0.0,0.0047384463250637054
1015,0.004726948216557503,0.0,0.004726948216557503,0.004680474754422903,0.0,0.004680474754422903
1016,0.0047247582115232944,0.0,0.0047247582115232944,0.0047539700753986835,0.0,0.0047539700753986835
1017,0.00472267996519804,0.0,0.00472267996519804,0.004656745120882988,0.0,0.004656745120882988
1018,0.004720797762274742,0.0,0.004720797762274742,0.004782704170793295,0.0,0.004782704170793295
1019,0.004719261545687914,0.0,0.004719261545687914,0.004615685436874628,0.0,0.004615685436874628
1020,0.004718346521258354,0.0,0.004718346521258354,0.004835877101868391,0.0,0.004835877101868391
1021,0.004718535114079714,0.0,0.004718535114079714,0.004542879294604063,0.0,0.004542879294604063
1022,0.004720763769000769,0.0,0.004720763769000769,0.00493495911359787,0.0,0.00493495911359787
1023,0.004726603161543608,0.0,0.004726603161543608,0.004412506241351366,0.0,0.004412506241351366
1024,0.004739259369671345,0.0,0.004739259369671345,0.00512015912681818,0.0,0.00512015912681818
1025,0.004763606004416943,0.0,0.004763606004416943,0.004183453507721424,0.0,0.004183453507721424
1026,0.00481000542640686,0.0,0.00481000542640686,0.005456543527543545,0.0,0.005456543527543545
1027,0.004889755509793758,0.0,0.004889755509793758,0.003818824887275696,0.0,0.003818824887275696
1028,0.005027060862630606,0.0,0.005027060862630606,0.005976548418402672,0.0,0.005976548418402672
1029,0.005213242955505848,0.0,0.005213242955505848,0.003407806158065796,0.0,0.003407806158065796
1030,0.005441346671432257,0.0,0.005441346671432257,0.006331698969006538,0.0,0.006331698969006538
1031,0.005528107285499573,0.0,0.005528107285499573,0.003393803257495165,0.0,0.003393803257495165
1032,0.00540056312456727,0.0,0.00540056312456727,0.005608489736914635,0.0,0.005608489736914635
1033,0.005013618152588606,0.0,0.005013618152588606,0.0042879325337708,0.0,0.0042879325337708
1034,0.004716821014881134,0.0,0.004716821014881134,0.004215503577142954,0.0,0.004215503577142954
1035,0.004730303306132555,0.0,0.004730303306132555,0.005461713299155235,0.0,0.005461713299155235
1036,0.004947916138917208,0.0,0.004947916138917208,0.003608372528105974,0.0,0.003608372528105974
1037,0.005075546447187662,0.0,0.005075546447187662,0.0054371715523302555,0.0,0.0054371715523302555
1038,0.004933691583573818,0.0,0.004933691583573818,0.004197718109935522,0.0,0.004197718109935522
1039,0.004722049925476313,0.0,0.004722049925476313,0.004355516750365496,0.0,0.004355516750365496
1040,0.004686196334660053,0.0,0.004686196334660053,0.005221894942224026,0.0,0.005221894942224026
1041,0.004816665779799223,0.0,0.004816665779799223,0.0038306431379169226,0.0,0.0038306431379169226
1042,0.004893970210105181,0.0,0.004893970210105181,0.005203837528824806,0.0,0.005203837528824806
1043,0.004797665402293205,0.0,0.004797665402293205,0.004388387314975262,0.0,0.004388387314975262
1044,0.004677065648138523,0.0,0.004677065648138523,0.00434361957013607,0.0,0.00434361957013607
1045,0.004683744627982378,0.0,0.004683744627982378,0.005169819574803114,0.0,0.005169819574803114
1046,0.00476872967556119,0.0,0.00476872967556119,0.004028253257274628,0.0,0.004028253257274628
1047,0.004786213859915733,0.0,0.004786213859915733,0.004995206370949745,0.0,0.004995206370949745
1048,0.004707735031843185,0.0,0.004707735031843185,0.004569872282445431,0.0,0.004569872282445431
1049,0.00465236883610487,0.0,0.00465236883610487,0.0043121930211782455,0.0,0.0043121930211782455
1050,0.004682138562202454,0.0,0.004682138562202454,0.0050941635854542255,0.0,0.0050941635854542255
1051,0.004727598279714584,0.0,0.004727598279714584,0.004191594664007425,0.0,0.004191594664007425
1052,0.004712635185569525,0.0,0.004712635185569525,0.0048260316252708435,0.0,0.0048260316252708435
1053,0.004659250378608704,0.0,0.004659250378608704,0.004689599387347698,0.0,0.004689599387347698
1054,0.0046427431516349316,0.0,0.0046427431516349316,0.004326323512941599,0.0,0.004326323512941599
1055,0.004671299364417791,0.0,0.004671299364417791,0.0050161462277174,0.0,0.0050161462277174
1056,0.00468840915709734,0.0,0.00468840915709734,0.004340074025094509,0.0,0.004340074025094509
1057,0.0046659125946462154,0.0,0.0046659125946462154,0.004736253526061773,0.0,0.004736253526061773
1058,0.004635397810488939,0.0,0.004635397810488939,0.004766235593706369,0.0,0.004766235593706369
1059,0.004634861834347248,0.0,0.004634861834347248,0.004390265326946974,0.0,0.004390265326946974
1060,0.004653570707887411,0.0,0.004653570707887411,0.004964541178196669,0.0,0.004964541178196669
1061,0.004656537901610136,0.0,0.004656537901610136,0.004470793530344963,0.0,0.004470793530344963
1062,0.004637799225747585,0.0,0.004637799225747585,0.004715258255600929,0.0,0.004715258255600929
1063,0.004621514584869146,0.0,0.004621514584869146,0.004811265040189028,0.0,0.004811265040189028
1064,0.004624488763511181,0.0,0.004624488763511181,0.0044690463691949844,0.0,0.0044690463691949844
1065,0.004634664859622717,0.0,0.004634664859622717,0.004923870787024498,0.0,0.004923870787024498
1066,0.004632777068763971,0.0,0.004632777068763971,0.004555524326860905,0.0,0.004555524326860905
1067,0.004619617480784655,0.0,0.004619617480784655,0.004709972068667412,0.0,0.004709972068667412
1068,0.00461037689819932,0.0,0.00461037689819932,0.004811318591237068,0.0,0.004811318591237068
1069,0.004612508229911327,0.0,0.004612508229911327,0.00452412711456418,0.0,0.00452412711456418
1070,0.004617439117282629,0.0,0.004617439117282629,0.004876689985394478,0.0,0.004876689985394478
1071,0.004614677745848894,0.0,0.004614677745848894,0.004593982361257076,0.0,0.004593982361257076
1072,0.004605779889971018,0.0,0.004605779889971018,0.0047032516449689865,0.0,0.0047032516449689865
1073,0.004599690902978182,0.0,0.004599690902978182,0.004784232005476952,0.0,0.004784232005476952
1074,0.004600228741765022,0.0,0.004600228741765022,0.004557757638394833,0.0,0.004557757638394833
1075,0.004602257627993822,0.0,0.004602257627993822,0.004830766934901476,0.0,0.004830766934901476
1076,0.0045997947454452515,0.0,0.0045997947454452515,0.004608514718711376,0.0,0.004608514718711376
1077,0.004593677818775177,0.0,0.004593677818775177,0.004700828343629837,0.0,0.004700828343629837
1078,0.004589029122143984,0.0,0.004589029122143984,0.004755448084324598,0.0,0.004755448084324598
1079,0.0045882645063102245,0.0,0.0045882645063102245,0.004587255418300629,0.0,0.004587255418300629
1080,0.0045886593870818615,0.0,0.0045886593870818615,0.0047993408516049385,0.0,0.0047993408516049385
1081,0.0045866291038692,0.0,0.0045866291038692,0.004619613289833069,0.0,0.004619613289833069
1082,0.004582255147397518,0.0,0.004582255147397518,0.004705989733338356,0.0,0.004705989733338356
1083,0.004578376654535532,0.0,0.004578376654535532,0.004731480497866869,0.0,0.004731480497866869
1084,0.00457674078643322,0.0,0.00457674078643322,0.004612663760781288,0.0,0.004612663760781288
1085,0.004576133564114571,0.0,0.004576133564114571,0.004774062894284725,0.0,0.004774062894284725
1086,0.004574385471642017,0.0,0.004574385471642017,0.004625566303730011,0.0,0.004625566303730011
1087,0.004571107216179371,0.0,0.004571107216179371,0.0047092982567846775,0.0,0.0047092982567846775
1088,0.004567750263959169,0.0,0.004567750263959169,0.004707487300038338,0.0,0.004707487300038338
1089,0.004565597977489233,0.0,0.004565597977489233,0.004630353767424822,0.0,0.004630353767424822
1090,0.004564316011965275,0.0,0.004564316011965275,0.004748320672661066,0.0,0.004748320672661066
1091,0.004562659189105034,0.0,0.004562659189105034,0.004625880159437656,0.0,0.004625880159437656
1092,0.004560061264783144,0.0,0.004560061264783144,0.00470711849629879,0.0,0.00470711849629879
1093,0.0045571234077215195,0.0,0.0045571234077215195,0.0046835350804030895,0.0,0.0046835350804030895
1094,0.0045547145418822765,0.0,0.0045547145418822765,0.0046430048532783985,0.0,0.0046430048532783985
1095,0.004552958533167839,0.0,0.004552958533167839,0.004724715370684862,0.0,0.004724715370684862
1096,0.004551241640001535,0.0,0.004551241640001535,0.0046283770352602005,0.0,0.0046283770352602005
1097,0.004549034405499697,0.0,0.004549034405499697,0.0047060842625796795,0.0,0.0047060842625796795
1098,0.004546443931758404,0.0,0.004546443931758404,0.004667786415666342,0.0,0.004667786415666342
1099,0.004543970339000225,0.0,0.004543970339000225,0.004658346064388752,0.0,0.004658346064388752
1100,0.004541896283626556,0.0,0.004541896283626556,0.004708224907517433,0.0,0.004708224907517433
1101,0.004540025722235441,0.0,0.004540025722235441,0.004638019483536482,0.0,0.004638019483536482
1102,0.00453799357637763,0.0,0.00453799357637763,0.004707914777100086,0.0,0.004707914777100086
1103,0.004535673186182976,0.0,0.004535673186182976,0.004661543294787407,0.0,0.004661543294787407
1104,0.0045332638546824455,0.0,0.0045332638546824455,0.0046760886907577515,0.0,0.0046760886907577515
1105,0.004531016573309898,0.0,0.004531016573309898,0.004697469528764486,0.0,0.004697469528764486
1106,0.004528968594968319,0.0,0.004528968594968319,0.004653045907616615,0.0,0.004653045907616615
1107,0.0045269508846104145,0.0,0.0045269508846104145,0.004709091503173113,0.0,0.004709091503173113
1108,0.004524796735495329,0.0,0.004524796735495329,0.004661472514271736,0.0,0.004661472514271736
1109,0.004522509407252073,0.0,0.004522509407252073,0.004691173322498798,0.0,0.004691173322498798
1110,0.004520220682024956,0.0,0.004520220682024956,0.004688560031354427,0.0,0.004688560031354427
1111,0.004518036264926195,0.0,0.004518036264926195,0.00466896640136838,0.0,0.00466896640136838
1112,0.004515943117439747,0.0,0.004515943117439747,0.004706458188593388,0.0,0.004706458188593388
1113,0.004513840656727552,0.0,0.004513840656727552,0.004665930289775133,0.0,0.004665930289775133
1114,0.004511660896241665,0.0,0.004511660896241665,0.0047014933079481125,0.0,0.0047014933079481125
1115,0.004509413614869118,0.0,0.004509413614869118,0.0046826633624732494,0.0,0.0046826633624732494
1116,0.004507176112383604,0.0,0.004507176112383604,0.004684703424572945,0.0,0.004684703424572945
1117,0.004504994489252567,0.0,0.004504994489252567,0.004701719153672457,0.0,0.004701719153672457
1118,0.004502858966588974,0.0,0.004502858966588974,0.0046753305941820145,0.0,0.0046753305941820145
1119,0.0045007155276834965,0.0,0.0045007155276834965,0.004707193933427334,0.0,0.004707193933427334
1120,0.004498529247939587,0.0,0.004498529247939587,0.004682079888880253,0.0,0.004682079888880253
1121,0.004496308509260416,0.0,0.004496308509260416,0.00469899270683527,0.0,0.00469899270683527
1122,0.004494087770581245,0.0,0.004494087770581245,0.0046976711601018906,0.0,0.0046976711601018906
1123,0.004491895437240601,0.0,0.004491895437240601,0.00468863733112812,0.0,0.00468863733112812
1124,0.004489726386964321,0.0,0.004489726386964321,0.004708822816610336,0.0,0.004708822816610336
1125,0.004487556871026754,0.0,0.004487556871026754,0.004687210079282522,0.0,0.004687210079282522
1126,0.004485369194298983,0.0,0.004485369194298983,0.004709020256996155,0.0,0.004709020256996155
1127,0.00448315916582942,0.0,0.00448315916582942,0.004695795476436615,0.0,0.004695795476436615
1128,0.004480941221117973,0.0,0.004480941221117973,0.004701952915638685,0.0,0.004701952915638685
1129,0.004478736314922571,0.0,0.004478736314922571,0.004707139451056719,0.0,0.004707139451056719
1130,0.004476543515920639,0.0,0.004476543515920639,0.004696476273238659,0.0,0.004696476273238659
1131,0.004474353976547718,0.0,0.004474353976547718,0.004713348113000393,0.0,0.004713348113000393
1132,0.004472154658287764,0.0,0.004472154658287764,0.004698020871728659,0.0,0.004698020871728659
1133,0.004469944629818201,0.0,0.004469944629818201,0.004712151363492012,0.0,0.004712151363492012
1134,0.004467727150768042,0.0,0.004467727150768042,0.004705587401986122,0.0,0.004705587401986122
1135,0.004465511068701744,0.0,0.004465511068701744,0.004707625135779381,0.0,0.004707625135779381
1136,0.004463296849280596,0.0,0.004463296849280596,0.004713911563158035,0.0,0.004713911563158035
1137,0.004461087752133608,0.0,0.004461087752133608,0.004705340601503849,0.0,0.004705340601503849
1138,0.004458877723664045,0.0,0.004458877723664045,0.0047183590941131115,0.0,0.0047183590941131115
1139,0.004456660244613886,0.0,0.004456660244613886,0.0047081755474209785,0.0,0.0047081755474209785
1140,0.004454438574612141,0.0,0.004454438574612141,0.004718293435871601,0.0,0.004718293435871601
1141,0.004452211316674948,0.0,0.004452211316674948,0.004714778624475002,0.0,0.004714778624475002
1142,0.0044499835930764675,0.0,0.0044499835930764675,0.004716387949883938,0.0,0.004716387949883938
1143,0.004447756335139275,0.0,0.004447756335139275,0.004721640143543482,0.0,0.004721640143543482
1144,0.004445528611540794,0.0,0.004445528611540794,0.004716177936643362,0.0,0.004716177936643362
1145,0.004443301819264889,0.0,0.004443301819264889,0.004725988954305649,0.0,0.004725988954305649
1146,0.004441068973392248,0.0,0.004441068973392248,0.004719253163784742,0.0,0.004719253163784742
1147,0.004438829608261585,0.0,0.004438829608261585,0.004727349616587162,0.0,0.004727349616587162
1148,0.004436589311808348,0.0,0.004436589311808348,0.004724832717329264,0.0,0.004724832717329264
1149,0.004434345755726099,0.0,0.004434345755726099,0.004727399908006191,0.0,0.004727399908006191
1150,0.00443210219964385,0.0,0.00443210219964385,0.004730819724500179,0.0,0.004730819724500179
1151,0.004429858643561602,0.0,0.004429858643561602,0.004728234838694334,0.0,0.004728234838694334
1152,0.0044276113621890545,0.0,0.0044276113621890545,0.004735400900244713,0.0,0.004735400900244713
1153,0.004425360821187496,0.0,0.004425360821187496,0.004731154069304466,0.0,0.004731154069304466
1154,0.004423107486218214,0.0,0.004423107486218214,0.004738140851259232,0.0,0.004738140851259232
1155,0.004420851357281208,0.0,0.004420851357281208,0.0047359224408864975,0.0,0.0047359224408864975
1156,0.004418591503053904,0.0,0.004418591503053904,0.004739783238619566,0.0,0.004739783238619566
1157,0.004416330251842737,0.0,0.004416330251842737,0.004741423763334751,0.0,0.004741423763334751
1158,0.00441406574100256,0.0,0.00441406574100256,0.004741644486784935,0.0,0.004741644486784935
1159,0.004411801695823669,0.0,0.004411801695823669,0.004746485035866499,0.0,0.004746485035866499
1160,0.004409532994031906,0.0,0.004409532994031906,0.0047445958480238914,0.0,0.0047445958480238914
1161,0.004407261498272419,0.0,0.004407261498272419,0.004750534426420927,0.0,0.004750534426420927
1162,0.004404986742883921,0.0,0.004404986742883921,0.004748852923512459,0.0,0.004748852923512459
1163,0.0044027091935276985,0.0,0.0044027091935276985,0.004753734450787306,0.0,0.004753734450787306
1164,0.004400426521897316,0.0,0.004400426521897316,0.004753952845931053,0.0,0.004753952845931053
1165,0.004398144781589508,0.0,0.004398144781589508,0.00475661177188158,0.0,0.00475661177188158
1166,0.004395858850330114,0.0,0.004395858850330114,0.004759224131703377,0.0,0.004759224131703377
1167,0.0043935710564255714,0.0,0.0043935710564255714,0.004759827628731728,0.0,0.004759827628731728
1168,0.004391281399875879,0.0,0.004391281399875879,0.004764142446219921,0.0,0.004764142446219921
1169,0.0043889861553907394,0.0,0.0043889861553907394,0.004763708915561438,0.0,0.004763708915561438
1170,0.0043866876512765884,0.0,0.0043866876512765884,0.004768508952111006,0.0,0.004768508952111006
1171,0.004384387284517288,0.0,0.004384387284517288,0.004768319893628359,0.0,0.004768319893628359
1172,0.004382086917757988,0.0,0.004382086917757988,0.004772470332682133,0.0,0.004772470332682133
1173,0.004379778169095516,0.0,0.004379778169095516,0.004773424938321114,0.0,0.004773424938321114
1174,0.00437746848911047,0.0,0.00437746848911047,0.004776259418576956,0.0,0.004776259418576956
1175,0.004375156946480274,0.0,0.004375156946480274,0.004778707399964333,0.0,0.004778707399964333
1176,0.004372841212898493,0.0,0.004372841212898493,0.004780263639986515,0.0,0.004780263639986515
1177,0.004370522685348988,0.0,0.004370522685348988,0.004783889278769493,0.0,0.004783889278769493
1178,0.004368200898170471,0.0,0.004368200898170471,0.004784686025232077,0.0,0.004784686025232077
1179,0.004365876317024231,0.0,0.004365876317024231,0.004788832738995552,0.0,0.004788832738995552
1180,0.00436354847624898,0.0,0.00436354847624898,0.004789573606103659,0.0,0.004789573606103659
1181,0.004361216444522142,0.0,0.004361216444522142,0.004793600644916296,0.0,0.004793600644916296
1182,0.004358882550150156,0.0,0.004358882550150156,0.004794808570295572,0.0,0.004794808570295572
1183,0.0043565453961491585,0.0,0.0043565453961491585,0.00479828892275691,0.0,0.00479828892275691
1184,0.004354202654212713,0.0,0.004354202654212713,0.00480026938021183,0.0,0.00480026938021183
1185,0.004351858980953693,0.0,0.004351858980953693,0.004803058225661516,0.0,0.004803058225661516
1186,0.0043495106510818005,0.0,0.0043495106510818005,0.004805804695934057,0.0,0.004805804695934057
1187,0.004347159061580896,0.0,0.004347159061580896,0.004807987250387669,0.0,0.004807987250387669
1188,0.0043448046781122684,0.0,0.0043448046781122684,0.004811360500752926,0.0,0.004811360500752926
1189,0.004342447966337204,0.0,0.004342447966337204,0.004813172854483128,0.0,0.004813172854483128
1190,0.0043400865979492664,0.0,0.0043400865979492664,0.004816880449652672,0.0,0.004816880449652672
1191,0.004337721969932318,0.0,0.004337721969932318,0.00481860525906086,0.0,0.00481860525906086
1192,0.004335351288318634,0.0,0.004335351288318634,0.004822406452149153,0.0,0.004822406452149153
1193,0.004332979675382376,0.0,0.004332979675382376,0.004824263043701649,0.0,0.004824263043701649
1194,0.004330604802817106,0.0,0.004330604802817106,0.004827956203371286,0.0,0.004827956203371286
1195,0.004328225273638964,0.0,0.004328225273638964,0.004830117803066969,0.0,0.004830117803066969
1196,0.004325842950493097,0.0,0.004325842950493097,0.004833569750189781,0.0,0.004833569750189781
1197,0.004323456436395645,0.0,0.004323456436395645,0.004836137872189283,0.0,0.004836137872189283
1198,0.004321065731346607,0.0,0.004321065731346607,0.004839305765926838,0.0,0.004839305765926838
1199,0.004318671766668558,0.0,0.004318671766668558,0.004842265974730253,0.0,0.004842265974730253
1200,0.004316274076700211,0.0,0.004316274076700211,0.004845180083066225,0.0,0.004845180083066225
1201,0.0043138726614415646,0.0,0.0043138726614415646,0.004848517011851072,0.0,0.004848517011851072
1202,0.004311468452215195,0.0,0.004311468452215195,0.004851181525737047,0.0,0.004851181525737047
1203,0.004309059586375952,0.0,0.004309059586375952,0.004854859784245491,0.0,0.004854859784245491
1204,0.004306645132601261,0.0,0.004306645132601261,0.004857371561229229,0.0,0.004857371561229229
1205,0.004304229747503996,0.0,0.004304229747503996,0.004861262161284685,0.0,0.004861262161284685
1206,0.004301808774471283,0.0,0.004301808774471283,0.004863746464252472,0.0,0.004863746464252472
1207,0.004299385938793421,0.0,0.004299385938793421,0.004867736250162125,0.0,0.004867736250162125
1208,0.004296957980841398,0.0,0.004296957980841398,0.0048702675849199295,0.0,0.0048702675849199295
1209,0.00429452583193779,0.0,0.00429452583193779,0.004874327220022678,0.0,0.004874327220022678
1210,0.0042920904234051704,0.0,0.0042920904234051704,0.0048769135028123856,0.0,0.0048769135028123856
1211,0.004289650358259678,0.0,0.004289650358259678,0.004881036002188921,0.0,0.004881036002188921
1212,0.004287203773856163,0.0,0.004287203773856163,0.004883696790784597,0.0,0.004883696790784597
1213,0.0042847562581300735,0.0,0.0042847562581300735,0.004887862130999565,0.0,0.004887862130999565
1214,0.004282304085791111,0.0,0.004282304085791111,0.004890595097094774,0.0,0.004890595097094774
1215,0.004279846791177988,0.0,0.004279846791177988,0.004894813522696495,0.0,0.004894813522696495
1216,0.004277388099581003,0.0,0.004277388099581003,0.004897622391581535,0.0,0.004897622391581535
1217,0.004274922423064709,0.0,0.004274922423064709,0.004901885986328125,0.0,0.004901885986328125
1218,0.004272453486919403,0.0,0.004272453486919403,0.00490478053689003,0.0,0.00490478053689003
1219,0.004269982688128948,0.0,0.004269982688128948,0.004909102339297533,0.0,0.004909102339297533
1220,0.004267503973096609,0.0,0.004267503973096609,0.004912014584988356,0.0,0.004912014584988356
1221,0.0042650229297578335,0.0,0.0042650229297578335,0.004916486795991659,0.0,0.004916486795991659
1222,0.004262535832822323,0.0,0.004262535832822323,0.004919362720102072,0.0,0.004919362720102072
1223,0.004260045941919088,0.0,0.004260045941919088,0.0049240258522331715,0.0,0.0049240258522331715
1224,0.004257552325725555,0.0,0.004257552325725555,0.004926798865199089,0.0,0.004926798865199089
1225,0.0042550526559352875,0.0,0.0042550526559352875,0.004931732080876827,0.0,0.004931732080876827
1226,0.004252550657838583,0.0,0.004252550657838583,0.004934324417263269,0.0,0.004934324417263269
1227,0.004250043537467718,0.0,0.004250043537467718,0.004939618054777384,0.0,0.004939618054777384
1228,0.004247529432177544,0.0,0.004247529432177544,0.004941910970956087,0.0,0.004941910970956087
1229,0.00424501346424222,0.0,0.00424501346424222,0.00494769960641861,0.0,0.00494769960641861
1230,0.0042424933053553104,0.0,0.0042424933053553104,0.004949538502842188,0.0,0.004949538502842188
1231,0.004239968955516815,0.0,0.004239968955516815,0.00495603121817112,0.0,0.00495603121817112
1232,0.004237438552081585,0.0,0.004237438552081585,0.004957131110131741,0.0,0.004957131110131741
1233,0.004234903026372194,0.0,0.004234903026372194,0.004964690189808607,0.0,0.004964690189808607
1234,0.004232363775372505,0.0,0.004232363775372505,0.004964621737599373,0.0,0.004964621737599373
1235,0.004229820799082518,0.0,0.004229820799082518,0.004973791539669037,0.0,0.004973791539669037
1236,0.004227273631840944,0.0,0.004227273631840944,0.004971844609826803,0.0,0.004971844609826803
1237,0.004224720411002636,0.0,0.004224720411002636,0.00498349592089653,0.0,0.00498349592089653
1238,0.004222164396196604,0.0,0.004222164396196604,0.004978610668331385,0.0,0.004978610668331385
1239,0.0042196051217615604,0.0,0.0042196051217615604,0.004994114860892296,0.0,0.004994114860892296
1240,0.004217040725052357,0.0,0.004217040725052357,0.004984505940228701,0.0,0.004984505940228701
1241,0.004214475397020578,0.0,0.004214475397020578,0.005006168968975544,0.0,0.005006168968975544
1242,0.004211906809359789,0.0,0.004211906809359789,0.00498884916305542,0.0,0.00498884916305542
1243,0.004209342412650585,0.0,0.004209342412650585,0.005020560696721077,0.0,0.005020560696721077
1244,0.004206780809909105,0.0,0.004206780809909105,0.004990467336028814,0.0,0.004990467336028814
1245,0.004204228986054659,0.0,0.004204228986054659,0.005038844887167215,0.0,0.005038844887167215
1246,0.004201702307909727,0.0,0.004201702307909727,0.004987312015146017,0.0,0.004987312015146017
1247,0.004199214279651642,0.0,0.004199214279651642,0.0050637987442314625,0.0,0.0050637987442314625
1248,0.004196797497570515,0.0,0.004196797497570515,0.004975741729140282,0.0,0.004975741729140282
1249,0.0041945078410208225,0.0,0.0041945078410208225,0.005100426729768515,0.0,0.005100426729768515
1250,0.004192438442260027,0.0,0.004192438442260027,0.004949212074279785,0.0,0.004949212074279785
1251,0.004190759267657995,0.0,0.004190759267657995,0.0051578860729932785,0.0,0.0051578860729932785
1252,0.004189745988696814,0.0,0.004189745988696814,0.004896020051091909,0.0,0.004896020051091909
1253,0.004189962055534124,0.0,0.004189962055534124,0.005253031849861145,0.0,0.005253031849861145
1254,0.004192218650132418,0.0,0.004192218650132418,0.00479547306895256,0.0,0.00479547306895256
1255,0.004198385868221521,0.0,0.004198385868221521,0.005416729487478733,0.0,0.005416729487478733
1256,0.004210768733173609,0.0,0.004210768733173609,0.004613375756889582,0.0,0.004613375756889582
1257,0.004235581029206514,0.0,0.004235581029206514,0.005701710470020771,0.0,0.005701710470020771
1258,0.00427794735878706,0.0,0.00427794735878706,0.004305478651076555,0.0,0.004305478651076555
1259,0.004356943536549807,0.0,0.004356943536549807,0.006170905195176601,0.0,0.006170905195176601
1260,0.004471438471227884,0.0,0.004471438471227884,0.0038709205109626055,0.0,0.0038709205109626055
1261,0.004662179388105869,0.0,0.004662179388105869,0.006748706102371216,0.0,0.006748706102371216
1262,0.004832953680306673,0.0,0.004832953680306673,0.0035371072590351105,0.0,0.0035371072590351105
1263,0.005008227191865444,0.0,0.005008227191865444,0.006798608228564262,0.0,0.006798608228564262
1264,0.0048773097805678844,0.0,0.0048773097805678844,0.003885563462972641,0.0,0.003885563462972641
1265,0.004600474610924721,0.0,0.004600474610924721,0.005638778675347567,0.0,0.005638778675347567
1266,0.0042538270354270935,0.0,0.0042538270354270935,0.005135246552526951,0.0,0.005135246552526951
1267,0.004153016954660416,0.0,0.004153016954660416,0.0042856428772211075,0.0,0.0042856428772211075
1268,0.00430762255564332,0.0,0.00430762255564332,0.006152820307761431,0.0,0.006152820307761431
1269,0.004477092996239662,0.0,0.004477092996239662,0.003989053424447775,0.0,0.003989053424447775
1270,0.004477981012314558,0.0,0.004477981012314558,0.005719331093132496,0.0,0.005719331093132496
1271,0.004277041181921959,0.0,0.004277041181921959,0.00487244687974453,0.0,0.00487244687974453
1272,0.004140845965594053,0.0,0.004140845965594053,0.004567428957670927,0.0,0.004567428957670927
1273,0.004189407918602228,0.0,0.004189407918602228,0.005829162895679474,0.0,0.005829162895679474
1274,0.004306331742554903,0.0,0.004306331742554903,0.004226702265441418,0.0,0.004226702265441418
1275,0.004326038993895054,0.0,0.004326038993895054,0.005593307316303253,0.0,0.005593307316303253
1276,0.004211311228573322,0.0,0.004211311228573322,0.00493713840842247,0.0,0.00493713840842247
1277,0.004126023035496473,0.0,0.004126023035496473,0.0047011598944664,0.0,0.0047011598944664
1278,0.004154764115810394,0.0,0.004154764115810394,0.005697276908904314,0.0,0.005697276908904314
1279,0.004224561154842377,0.0,0.004224561154842377,0.004452330991625786,0.0,0.004452330991625786
1280,0.004230836406350136,0.0,0.004230836406350136,0.0055079590529203415,0.0,0.0055079590529203415
1281,0.004159907344728708,0.0,0.004159907344728708,0.005037254188209772,0.0,0.005037254188209772
1282,0.004110083449631929,0.0,0.004110083449631929,0.004831230733543634,0.0,0.004831230733543634
1283,0.0041287923231720924,0.0,0.0041287923231720924,0.005631444975733757,0.0,0.005631444975733757
1284,0.0041696447879076,0.0,0.0041696447879076,0.00465577095746994,0.0,0.00465577095746994
1285,0.004171155393123627,0.0,0.004171155393123627,0.005494933109730482,0.0,0.005494933109730482
1286,0.0041279979050159454,0.0,0.0041279979050159454,0.005117058753967285,0.0,0.005117058753967285
1287,0.004096370190382004,0.0,0.004096370190382004,0.0049818423576653,0.0,0.0049818423576653
1288,0.00410491181537509,0.0,0.00410491181537509,0.00558947678655386,0.0,0.00558947678655386
1289,0.004128854256123304,0.0,0.004128854256123304,0.004828517325222492,0.0,0.004828517325222492
1290,0.004131418187171221,0.0,0.004131418187171221,0.0055171730928123,0.0,0.0055171730928123
1291,0.004106378648430109,0.0,0.004106378648430109,0.005167816299945116,0.0,0.005167816299945116
1292,0.0040841298177838326,0.0,0.0040841298177838326,0.005126821808516979,0.0,0.005126821808516979
1293,0.00408457824960351,0.0,0.00408457824960351,0.005547915119677782,0.0,0.005547915119677782
1294,0.004097797907888889,0.0,0.004097797907888889,0.004965240601450205,0.0,0.004965240601450205
1295,0.004101615399122238,0.0,0.004101615399122238,0.005529610440135002,0.0,0.005529610440135002
1296,0.004088108893483877,0.0,0.004088108893483877,0.005188567563891411,0.0,0.005188567563891411
1297,0.004072141367942095,0.0,0.004072141367942095,0.005231659859418869,0.0,0.005231659859418869
1298,0.0040678586810827255,0.0,0.0040678586810827255,0.0054902867414057255,0.0,0.0054902867414057255
1299,0.0040737334638834,0.0,0.0040737334638834,0.00506248464807868,0.0,0.00506248464807868
1300,0.004077197518199682,0.0,0.004077197518199682,0.005515466909855604,0.0,0.005515466909855604
1301,0.004070496652275324,0.0,0.004070496652275324,0.005194276571273804,0.0,0.005194276571273804
1302,0.0040595028549432755,0.0,0.0040595028549432755,0.005296453833580017,0.0,0.005296453833580017
1303,0.0040534851141273975,0.0,0.0040534851141273975,0.00543011911213398,0.0,0.00543011911213398
1304,0.004054588731378317,0.0,0.004054588731378317,0.005133173428475857,0.0,0.005133173428475857
1305,0.00405659805983305,0.0,0.00405659805983305,0.005486868321895599,0.0,0.005486868321895599
1306,0.004053374286741018,0.0,0.004053374286741018,0.005201314575970173,0.0,0.005201314575970173
1307,0.004046113230288029,0.0,0.004046113230288029,0.005338882561773062,0.0,0.005338882561773062
1308,0.00404013879597187,0.0,0.00404013879597187,0.0053853485733270645,0.0,0.0053853485733270645
1309,0.004038485698401928,0.0,0.004038485698401928,0.0051955655217170715,0.0,0.0051955655217170715
1310,0.004038802348077297,0.0,0.004038802348077297,0.005462974309921265,0.0,0.005462974309921265
1311,0.004036982078105211,0.0,0.004036982078105211,0.005220200400799513,0.0,0.005220200400799513
1312,0.004032204393297434,0.0,0.004032204393297434,0.005373776890337467,0.0,0.005373776890337467
1313,0.004026989918202162,0.0,0.004026989918202162,0.005359787959605455,0.0,0.005359787959605455
1314,0.00402394263073802,0.0,0.00402394263073802,0.005256115924566984,0.0,0.005256115924566984
1315,0.004022783599793911,0.0,0.004022783599793911,0.005448515061289072,0.0,0.005448515061289072
1316,0.004021237138658762,0.0,0.004021237138658762,0.005251734051853418,0.0,0.005251734051853418
1317,0.004017937928438187,0.0,0.004017937928438187,0.0054077631793916225,0.0,0.0054077631793916225
1318,0.0040136342868208885,0.0,0.0040136342868208885,0.0053523024544119835,0.0,0.0053523024544119835
1319,0.004010054748505354,0.0,0.004010054748505354,0.005317645147442818,0.0,0.005317645147442818
1320,0.004007801413536072,0.0,0.004007801413536072,0.005442706402391195,0.0,0.005442706402391195
1321,0.004005968105047941,0.0,0.004005968105047941,0.0052941846661269665,0.0,0.0052941846661269665
1322,0.004003405570983887,0.0,0.004003405570983887,0.005440810229629278,0.0,0.005440810229629278
1323,0.003999926149845123,0.0,0.003999926149845123,0.005360489245504141,0.0,0.005360489245504141
1324,0.003996352199465036,0.0,0.003996352199465036,0.005380180198699236,0.0,0.005380180198699236
1325,0.0039934320375323296,0.0,0.0039934320375323296,0.005444705951958895,0.0,0.005444705951958895
1326,0.003991102334111929,0.0,0.003991102334111929,0.0053466749377548695,0.0,0.0053466749377548695
1327,0.003988723270595074,0.0,0.003988723270595074,0.0054708803072571754,0.0,0.0054708803072571754
1328,0.003985824063420296,0.0,0.003985824063420296,0.005381791386753321,0.0,0.005381791386753321
1329,0.003982548601925373,0.0,0.003982548601925373,0.005438670050352812,0.0,0.005438670050352812
1330,0.0039793760515749454,0.0,0.0039793760515749454,0.005451204255223274,0.0,0.005451204255223274
1331,0.0039765904657542706,0.0,0.0039765904657542706,0.005403710529208183,0.0,0.005403710529208183
